,Unidad_Planeamiento_Zocial,Localidad,Barrio
0,Paseo de los Libertadores,Usaquén,Canaima
1,Paseo de los Libertadores,Usaquén, La Floresta de La Sabana
2,Paseo de los Libertadores,Usaquén,Torca.
3,Verbenal,Usaquén,Altos de Serrezuela
4,Verbenal,Usaquén, Balcones de Vista Hermosa
5,Verbenal,Usaquén, Balmoral Norte
6,Verbenal,Usaquén, Buenavista
7,Verbenal,Usaquén, Chaparral
8,Verbenal,Usaquén, El Codito
9,Verbenal,Usaquén, El Refugio de San Antonio
10,Verbenal,Usaquén, El Verbenal
11,Verbenal,Usaquén, Horizontes
12,Verbenal,Usaquén, La Estrellita
13,Verbenal,Usaquén, La Frontera
14,Verbenal,Usaquén, La Llanurita
15,Verbenal,Usaquén, Los Consuelos
16,Verbenal,Usaquén, Marantá
17,Verbenal,Usaquén, Maturín
18,Verbenal,Usaquén, Medellín
19,Verbenal,Usaquén, Mirador del Norte
20,Verbenal,Usaquén, Nuevo Horizonte
21,Verbenal,Usaquén, San Antonio Norte
22,Verbenal,Usaquén, Santandersito
23,Verbenal,Usaquén, Tibabita
24,Verbenal,Usaquén, Viña del Mar.
25,La Uribe,Usaquén,Bosque de San Antonio
26,La Uribe,Usaquén, Conjunto Camino del Palmar
27,La Uribe,Usaquén, El Pite
28,La Uribe,Usaquén, El Redil
29,La Uribe,Usaquén, La Cita
30,La Uribe,Usaquén, La Granja Norte
31,La Uribe,Usaquén, La Uribe
32,La Uribe,Usaquén, Los Naranjos
33,La Uribe,Usaquén, San Juan Bosco
34,La Uribe,Usaquén, Urbanización Los Laureles.
35,San Cristóbal Norte,Usaquén,Ainsuca
36,San Cristóbal Norte,Usaquén, Altablanca
37,San Cristóbal Norte,Usaquén, Barrancas
38,San Cristóbal Norte,Usaquén, California
39,San Cristóbal Norte,Usaquén, Cerro Norte
40,San Cristóbal Norte,Usaquén, Danubio
41,San Cristóbal Norte,Usaquén, Don Bosco
42,San Cristóbal Norte,Usaquén, La Perla Oriental
43,San Cristóbal Norte,Usaquén, Las Areneras
44,San Cristóbal Norte,Usaquén, Milán (Barrancas)
45,San Cristóbal Norte,Usaquén, Pradera Norte
46,San Cristóbal Norte,Usaquén, San Cristóbal Norte
47,San Cristóbal Norte,Usaquén, San Cristóbal Norte parte alta
48,San Cristóbal Norte,Usaquén, San Cristóbal Norte parte baja
49,San Cristóbal Norte,Usaquén, Santa Teresa
50,San Cristóbal Norte,Usaquén, Soratama
51,San Cristóbal Norte,Usaquén, Torcoroma
52,San Cristóbal Norte,Usaquén, Villa Nydia
53,San Cristóbal Norte,Usaquén, Villa Oliva.
54,Toberín,Usaquén,El Toberín
55,Toberín,Usaquén, Babilonia
56,Toberín,Usaquén, Darandelos
57,Toberín,Usaquén, Estrella del Norte
58,Toberín,Usaquén, Guanoa
59,Toberín,Usaquén, Jardín Norte
60,Toberín,Usaquén, La Liberia
61,Toberín,Usaquén, La Pradera Norte
62,Toberín,Usaquén, Las Orquídeas
63,Toberín,Usaquén, Pantanito
64,Toberín,Usaquén, Santa Mónica
65,Toberín,Usaquén, Villa Magdala
66,Toberín,Usaquén, Villas de Aranjuez
67,Toberín,Usaquén, Villas del Mediterráneo
68,Toberín,Usaquén, Zaragoza.
69,Los Cedros,Usaquén,Acacias
70,Los Cedros,Usaquén, Antigua
71,Los Cedros,Usaquén, Belmira
72,Los Cedros,Usaquén, Bosque de Pinos
73,Los Cedros,Usaquén, Caobos Salazar
74,Los Cedros,Usaquén, Capri
75,Los Cedros,Usaquén, Cedritos
76,Los Cedros,Usaquén, Cedro Bolívar
77,Los Cedros,Usaquén, Cedro Golf
78,Los Cedros,Usaquén, Cedro Madeira
79,Los Cedros,Usaquén, Cedro Narváez
80,Los Cedros,Usaquén, Cedro Salazar
81,Los Cedros,Usaquén, El Contador
82,Los Cedros,Usaquén, El Rincón de Las Margaritas
83,Los Cedros,Usaquén, La Sonora
84,Los Cedros,Usaquén, Las Margaritas
85,Los Cedros,Usaquén, Lisboa
86,Los Cedros,Usaquén, Los Cedros
87,Los Cedros,Usaquén, Los Cedros Oriental
88,Los Cedros,Usaquén, Montearroyo
89,Los Cedros,Usaquén, Nueva Autopista
90,Los Cedros,Usaquén, Nuevo Country
91,Los Cedros,Usaquén, Sierras del Moral el Nogal.
92,Usaquén,Usaquén,Bella Suiza
93,Usaquén,Usaquén, Bellavista
94,Usaquén,Usaquén, Bosque Medina
95,Usaquén,Usaquén, El Pañuelito
96,Usaquén,Usaquén, El Pedregal
97,Usaquén,Usaquén, Escuela de Caballería I
98,Usaquén,Usaquén, Escuela de Infantería
99,Usaquén,Usaquén, Francisco Miranda
100,Usaquén,Usaquén, Ginebra
101,Usaquén,Usaquén, La Esperanza
102,Usaquén,Usaquén, La Glorieta
103,Usaquén,Usaquén, Las Delicias del Carmen
104,Usaquén,Usaquén, Sagrado Corazón
105,Usaquén,Usaquén, San Gabriel
106,Usaquén,Usaquén, Santa Ana
107,Usaquén,Usaquén, Santa Ana Occidental
108,Usaquén,Usaquén, Santa Bárbara
109,Usaquén,Usaquén, Santa Bárbara Alta
110,Usaquén,Usaquén, Santa Bárbara Oriental
111,Usaquén,Usaquén, Unicerros
112,Usaquén,Usaquén, Usaquén.
113,Country Club,Usaquén,Country Club
114,Country Club,Usaquén, La Calleja
115,Country Club,Usaquén, La Carolina
116,Country Club,Usaquén, La Cristalina
117,Country Club,Usaquén, Prados del Country
118,Country Club,Usaquén, Recodo del Country
119,Country Club,Usaquén, Santa Coloma
120,Country Club,Usaquén, Soatama
121,Country Club,Usaquén, Toledo
122,Country Club,Usaquén, Torres del Country
123,Country Club,Usaquén, Vergel del Country.
124,Santa Bárbara,Usaquén,Santa Bárbara Occidental
125,Santa Bárbara,Usaquén, Campo Alegre
126,Santa Bárbara,Usaquén, Molinos del Norte
127,Santa Bárbara,Usaquén, Multicentro
128,Santa Bárbara,Usaquén, Navarra
129,Santa Bárbara,Usaquén, Rincón del Chicó
130,Santa Bárbara,Usaquén, San Patricio
131,Santa Bárbara,Usaquén, Santa Bárbara
132,Santa Bárbara,Usaquén, Santa Bárbara Central
133,Santa Bárbara,Usaquén, Santa Bibiana
134,Santa Bárbara,Usaquén, Santa Paula.
135,El Refugio,Chapinero,Chicó Reservado
136,El Refugio,Chapinero, Bellavista
137,El Refugio,Chapinero, Chicó Alto
138,El Refugio,Chapinero, El Nogal
139,El Refugio,Chapinero, El Refugio
140,El Refugio,Chapinero, La Cabrera
141,El Refugio,Chapinero, Seminario
142,El Refugio,Chapinero, Toscana.
143,San Isidro-Patios,Chapinero,La Esperanza Nororiental
144,San Isidro-Patios,Chapinero, La Sureña
145,San Isidro-Patios,Chapinero, San Isidro
146,San Isidro-Patios,Chapinero, San Luis Altos del Cabo.
147,Pardo Rubio,Chapinero,Bosque Calderón
148,Pardo Rubio,Chapinero, Bosque Calderón Tejada
149,Pardo Rubio,Chapinero, Chapinero Alto
150,Pardo Rubio,Chapinero, El Castillo
151,Pardo Rubio,Chapinero, El Paraíso
152,Pardo Rubio,Chapinero, Emaus
153,Pardo Rubio,Chapinero, Granada
154,Pardo Rubio,Chapinero, Ingemar
155,Pardo Rubio,Chapinero, La Salle
156,Pardo Rubio,Chapinero, Las Acacias
157,Pardo Rubio,Chapinero, Los Olivos
158,Pardo Rubio,Chapinero, María Cristina
159,Pardo Rubio,Chapinero, Nueva Granada
160,Pardo Rubio,Chapinero, Palomar
161,Pardo Rubio,Chapinero, Pardo Rubio
162,Pardo Rubio,Chapinero, San Martín de Porres
163,Pardo Rubio,Chapinero, Villa Anita
164,Pardo Rubio,Chapinero, Villa del Cerro.
165,Chicó Lago,Chapinero,Antiguo Country
166,Chicó Lago,Chapinero, Chicó Norte
167,Chicó Lago,Chapinero, Chicó Norte II
168,Chicó Lago,Chapinero, Chicó Norte III
169,Chicó Lago,Chapinero, Chicó Occidental
170,Chicó Lago,Chapinero, El Retiro
171,Chicó Lago,Chapinero, Espartillal
172,Chicó Lago,Chapinero, La Cabrera
173,Chicó Lago,Chapinero, Lago Gaitán
174,Chicó Lago,Chapinero,La Porciúncula (Bogotá)
175,Chicó Lago,Chapinero, Quinta Camacho.
176,Chapinero,Chapinero,Cataluña
177,Chapinero,Chapinero, Chapinero Central
178,Chapinero,Chapinero, Chapinero Norte
179,Chapinero,Chapinero,Marly (Bogotá)
180,Chapinero,Chapinero, Sucre
181,Sagrado Corazón,Santa Fe, Parque Central Bavaria
182,Sagrado Corazón,Santa Fe, Sagrado Corazón
183,Sagrado Corazón,Santa Fe, Samper
184,Sagrado Corazón,Santa Fe, San Martín.
185,La Macarena,Santa Fe,La Paz Centro
186,La Macarena,Santa Fe,La Perseverancia
187,Las Nieves,Santa Fe,La Alameda
188,Las Nieves,Santa Fe, La Capuchina
189,Las Nieves,Santa Fe,San Victorino
190,Las Nieves,Santa Fe,Santa Inés (Bogotá)
191,Las Cruces,Santa Fe,Las Cruces (Bogotá)
192,Las Cruces,Santa Fe, San Bernardo.
193,Lourdes,Santa Fe,Atanasio Girardot
194,Lourdes,Santa Fe, Cartagena
195,Lourdes,Santa Fe, El Balcón
196,Lourdes,Santa Fe, El Dorado
197,Lourdes,Santa Fe, El Guavio
198,Lourdes,Santa Fe, El Mirador
199,Lourdes,Santa Fe, El Rocío
200,Lourdes,Santa Fe, El Triunfo
201,Lourdes,Santa Fe, Fabrica de Loza
202,Lourdes,Santa Fe, Gran Colombia
203,Lourdes,Santa Fe, La Peña
204,Lourdes,Santa Fe, Lourdes
205,Lourdes,Santa Fe, Ramírez
206,Lourdes,Santa Fe, San Dionisio
207,Lourdes,Santa Fe, Santa Rosa de Lima
208,Lourdes,Santa Fe, Vitelma.
209,San Blas,San Cristóbal,Aguas Claras
210,San Blas,San Cristóbal, Altos del Zipa
211,San Blas,San Cristóbal, Amapolas
212,San Blas,San Cristóbal, Amapolas II
213,San Blas,San Cristóbal, Balcón de La Castaña
214,San Blas,San Cristóbal, Bella Vista Sector Lucero
215,San Blas,San Cristóbal, Bellavista Parte Baja
216,San Blas,San Cristóbal, Bellavista Sur
217,San Blas,San Cristóbal, Bosque de Los Alpes
218,San Blas,San Cristóbal, Buenavista Suroriental
219,San Blas,San Cristóbal, Camino Viejo San Cristóbal
220,San Blas,San Cristóbal, Cerros de San Vicente
221,San Blas,San Cristóbal, Ciudad de Londres
222,San Blas,San Cristóbal, Corinto
223,San Blas,San Cristóbal, El Balcón de La Castaña
224,San Blas,San Cristóbal, El Futuro
225,San Blas,San Cristóbal, El Ramajal
226,San Blas,San Cristóbal, El Ramajal (San Pedro)
227,San Blas,San Cristóbal, Gran Colombia (Molinos de Oriente)
228,San Blas,San Cristóbal, Horacio Orjuela
229,San Blas,San Cristóbal, La Castaña
230,San Blas,San Cristóbal, La Cecilia
231,San Blas,San Cristóbal, La Gran Colombia
232,San Blas,San Cristóbal, La Herradura
233,San Blas,San Cristóbal, La Joyita Centro (Bello Horizonte)
234,San Blas,San Cristóbal, La Playa
235,San Blas,San Cristóbal, La Roca
236,San Blas,San Cristóbal, La Sagrada Familia
237,San Blas,San Cristóbal, Las Acacias
238,San Blas,San Cristóbal, Las Columnas
239,San Blas,San Cristóbal, Las Mercedes
240,San Blas,San Cristóbal, Laureles Sur Oriental II Sector
241,San Blas,San Cristóbal, Los Alpes
242,San Blas,San Cristóbal, Los Alpes Futuro
243,San Blas,San Cristóbal, Los Arrayanes Sector Santa Inés
244,San Blas,San Cristóbal, La Roca
245,San Blas,San Cristóbal, Los Laureles Sur Oriental I Sector
246,San Blas,San Cristóbal, Macarena Los Alpes
247,San Blas,San Cristóbal, Manantial
248,San Blas,San Cristóbal, Manila
249,San Blas,San Cristóbal, Miraflores
250,San Blas,San Cristóbal, Molinos de Oriente
251,San Blas,San Cristóbal, Montecarlo
252,San Blas,San Cristóbal, Nueva España
253,San Blas,San Cristóbal, Nueva España Parte Alta
254,San Blas,San Cristóbal, Ramajal
255,San Blas,San Cristóbal, Rincón de La Victoria-Bellavista
256,San Blas,San Cristóbal, Sagrada Familia
257,San Blas,San Cristóbal, San Blas
258,San Blas,San Cristóbal, San Blas (parcelas)
259,San Blas,San Cristóbal, San Blas II Sector
260,San Blas,San Cristóbal, San Cristóbal Alto
261,San Blas,San Cristóbal, San Cristóbal Viejo
262,San Blas,San Cristóbal, San Pedro Sur Oriental
263,San Blas,San Cristóbal, San Vicente
264,San Blas,San Cristóbal, San Vicente Alto
265,San Blas,San Cristóbal, San Vicente Bajo
266,San Blas,San Cristóbal, San Vicente Sur Oriental
267,San Blas,San Cristóbal, Santa Inés
268,San Blas,San Cristóbal, Santa Inés Sur
269,San Blas,San Cristóbal, Terrazas de Oriente
270,San Blas,San Cristóbal, Triángulo
271,San Blas,San Cristóbal, Triángulo Alto
272,San Blas,San Cristóbal, Triángulo Bajo
273,San Blas,San Cristóbal, Vereda Altos de San Blas
274,San Blas,San Cristóbal, Vitelma.
275,Sociego,San Cristóbal,Golconda
276,Sociego,San Cristóbal, Primero de Mayo
277,Sociego,San Cristóbal, Buenos Aires
278,Sociego,San Cristóbal, Calvo Sur
279,Sociego,San Cristóbal, La María
280,Sociego,San Cristóbal, Las Brisas
281,Sociego,San Cristóbal, Los Dos Leones
282,Sociego,San Cristóbal, Modelo Sur
283,Sociego,San Cristóbal, Nariño Sur
284,Sociego,San Cristóbal, Quinta Ramos
285,Sociego,San Cristóbal, República de Venezuela
286,Sociego,San Cristóbal, San Cristóbal Sur
287,Sociego,San Cristóbal, San Javier
288,Sociego,San Cristóbal, Santa Ana
289,Sociego,San Cristóbal, Santa Ana Sur
290,Sociego,San Cristóbal, Sosiego
291,Sociego,San Cristóbal, Velódromo
292,Sociego,San Cristóbal, Villa Albania
293,20 de Julio,San Cristóbal,Atenas
294,20 de Julio,San Cristóbal, 20 de Julio
295,20 de Julio,San Cristóbal, Atenas I
296,20 de Julio,San Cristóbal, Ayacucho
297,20 de Julio,San Cristóbal, Barcelona
298,20 de Julio,San Cristóbal, Barcelona Sur
299,20 de Julio,San Cristóbal, Barcelona Sur Oriental
300,20 de Julio,San Cristóbal, Bello Horizonte
301,20 de Julio,San Cristóbal, Bello Horizonte III Sector
302,20 de Julio,San Cristóbal, Córdoba
303,20 de Julio,San Cristóbal, El Ángulo
304,20 de Julio,San Cristóbal, El Encanto
305,20 de Julio,San Cristóbal, Granada Sur
306,20 de Julio,San Cristóbal, Granada Sur III Sector
307,20 de Julio,San Cristóbal, La Joyita
308,20 de Julio,San Cristóbal, La Serafina
309,20 de Julio,San Cristóbal, Managua
310,20 de Julio,San Cristóbal, Montebello
311,20 de Julio,San Cristóbal, San Isidro
312,20 de Julio,San Cristóbal, San Isidro I y II
313,20 de Julio,San Cristóbal, San Isidro Sur
314,20 de Julio,San Cristóbal, San Luis
315,20 de Julio,San Cristóbal, Sur América
316,20 de Julio,San Cristóbal, Villa de Los Alpes
317,20 de Julio,San Cristóbal, Villa de Los Alpes I
318,20 de Julio,San Cristóbal, Villa Nataly
319,20 de Julio,San Cristóbal, 20 de Julio.
320,La Gloria,San Cristóbal,Altamira
321,La Gloria,San Cristóbal, Altamira Chiquita
322,La Gloria,San Cristóbal, Altos del Poblado
323,La Gloria,San Cristóbal, Altos del Virrey
324,La Gloria,San Cristóbal, Altos del Zuque
325,La Gloria,San Cristóbal, Bellavista Parte Alta
326,La Gloria,San Cristóbal, El Pilar
327,La Gloria,San Cristóbal, Bellavista Sur Oriental
328,La Gloria,San Cristóbal, Buenos Aires
329,La Gloria,San Cristóbal, Ciudadela Santa Rosa
330,La Gloria,San Cristóbal, El Quindío
331,La Gloria,San Cristóbal, El Recodo-República de Canadá
332,La Gloria,San Cristóbal, El Rodeo
333,La Gloria,San Cristóbal, La Colmena
334,La Gloria,San Cristóbal, La Gloria
335,La Gloria,San Cristóbal, La Gloria Baja
336,La Gloria,San Cristóbal, La Gloria MZ 11
337,La Gloria,San Cristóbal, La Gloria Occidental
338,La Gloria,San Cristóbal, La Gloria Oriental
339,La Gloria,San Cristóbal, La Gloria San Miguel
340,La Gloria,San Cristóbal, La Grovana
341,La Gloria,San Cristóbal, La Victoria
342,La Gloria,San Cristóbal, La Victoria II Sector
343,La Gloria,San Cristóbal, La Victoria III Sector
344,La Gloria,San Cristóbal, La Ye
345,La Gloria,San Cristóbal, Las Gaviotas
346,La Gloria,San Cristóbal, Las Guacamayas
347,La Gloria,San Cristóbal, Las Guacamayas I
348,La Gloria,San Cristóbal, II y III
349,La Gloria,San Cristóbal, Malvinas
350,La Gloria,San Cristóbal, Miraflores
351,La Gloria,San Cristóbal, Moralba
352,La Gloria,San Cristóbal, Panorama
353,La Gloria,San Cristóbal, Paseito III
354,La Gloria,San Cristóbal, Puente Colorado
355,La Gloria,San Cristóbal, Quindío
356,La Gloria,San Cristóbal, Quindío I y II
357,La Gloria,San Cristóbal, San José
358,La Gloria,San Cristóbal, San José Oriental
359,La Gloria,San Cristóbal, San José Sur Oriental
360,La Gloria,San Cristóbal, San Martín de Loba I y II
361,La Gloria,San Cristóbal, San Martín Sur
362,La Gloria,San Cristóbal, San Miguel.
363,Los Libertadores,San Cristóbal,Antioquia
364,Los Libertadores,San Cristóbal, Canadá La Guirá
365,Los Libertadores,San Cristóbal, Canadá La Guirá II Sector
366,Los Libertadores,San Cristóbal, Canadá-San Luis
367,Los Libertadores,San Cristóbal, Chiguaza
368,Los Libertadores,San Cristóbal, Ciudad de Londres
369,Los Libertadores,San Cristóbal, El Paraíso
370,Los Libertadores,San Cristóbal, El Pinar (República del Canadá II)
371,Los Libertadores,San Cristóbal, El Triunfo
372,Los Libertadores,San Cristóbal, Juan Rey (La Paz)
373,Los Libertadores,San Cristóbal, La Belleza
374,Los Libertadores,San Cristóbal, La Nueva Gloria
375,Los Libertadores,San Cristóbal, La Nueva Gloria II Sector
376,Los Libertadores,San Cristóbal, La Península
377,Los Libertadores,San Cristóbal, La Sierra
378,Los Libertadores,San Cristóbal, Los Libertadores
379,Los Libertadores,San Cristóbal, Los Libertadores Sector El Tesoro
380,Los Libertadores,San Cristóbal, Los Libertadores Sector La Colina
381,Los Libertadores,San Cristóbal, Los Libertadores Sector San Ignacio
382,Los Libertadores,San Cristóbal, Los Libertadores Sector San Isidro
383,Los Libertadores,San Cristóbal, Los Libertadores Sector San José
384,Los Libertadores,San Cristóbal, Los Libertadores Sector San Luis
385,Los Libertadores,San Cristóbal, Los Libertadores Sector San Miguel
386,Los Libertadores,San Cristóbal, Los Libertadores Bosque Diamante Triángulo
387,Los Libertadores,San Cristóbal, Los Pinares
388,Los Libertadores,San Cristóbal, Los Pinos
389,Los Libertadores,San Cristóbal, Los Puentes
390,Los Libertadores,San Cristóbal, Nueva Delhi
391,Los Libertadores,San Cristóbal, Nueva Gloria
392,Los Libertadores,San Cristóbal, Nueva Roma
393,Los Libertadores,San Cristóbal, Nuevas Malvinas (El Triunfo)
394,Los Libertadores,San Cristóbal, República del Canadá
395,Los Libertadores,San Cristóbal, República del Canadá-El Pinar
396,Los Libertadores,San Cristóbal, San Jacinto
397,Los Libertadores,San Cristóbal, San Manuel
398,Los Libertadores,San Cristóbal, San Rafael Sur Oriental
399,Los Libertadores,San Cristóbal, San Rafael Usme
400,Los Libertadores,San Cristóbal, Santa Rita I
401,Los Libertadores,San Cristóbal, II y III
402,Los Libertadores,San Cristóbal, Santa Rita Sur Oriental
403,Los Libertadores,San Cristóbal, Valparaíso
404,Los Libertadores,San Cristóbal, Villa Angélica-Canadá-La Guirá
405,Los Libertadores,San Cristóbal, Villa Aurora
406,Los Libertadores,San Cristóbal, Villabell
407,Los Libertadores,San Cristóbal, Yomasa
408,Los Libertadores,San Cristóbal, Villa Angélica
409,Los Libertadores,San Cristóbal, El Paraíso Sur Oriental I Sector
410,Los Libertadores,San Cristóbal, Juan Rey I y II
411,Los Libertadores,San Cristóbal, Villa Begonia.
412,La Flora,Usme,Buenos Aires
413,La Flora,Usme, Costa Rica
414,La Flora,Usme, Doña Liliana
415,La Flora,Usme, El Bosque km. 11
416,La Flora,Usme, Juan José Rondón
417,La Flora,Usme, Juan José Rondón II Sector
418,La Flora,Usme, La Cabaña
419,La Flora,Usme, La Esperanza
420,La Flora,Usme, La Flora-Parcelación San Pedro
421,La Flora,Usme, Las Violetas
422,La Flora,Usme, Los Arrayanes
423,La Flora,Usme, Los Soches
424,La Flora,Usme, Tihuaque
425,La Flora,Usme, Unión
426,La Flora,Usme, Villa Diana
427,La Flora,Usme, Villa Rosita.
428,Danubio,Usme,Alaska
429,Danubio,Usme, Arrayanes
430,Danubio,Usme, Danubio Azul
431,Danubio,Usme, Daza Sector II
432,Danubio,Usme, Duitama
433,Danubio,Usme, El Porvenir
434,Danubio,Usme, El Porvenir II Sector
435,Danubio,Usme, Fiscala II La Fortuna
436,Danubio,Usme, Fiscala Sector Centro
437,Danubio,Usme, La Fiscala-Los Tres Laureles
438,Danubio,Usme, La Fiscala-Lote 16
439,Danubio,Usme, La Fiscala-Lote 16A
440,Danubio,Usme, La Fiscala Sector Daza
441,Danubio,Usme, La Fiscala Sector Norte
442,Danubio,Usme, La Fiscala Sector Rodríguez
443,Danubio,Usme, La Morena I
444,Danubio,Usme, La Morena II
445,Danubio,Usme, La Morena II (Sector Villa Sandra)
446,Danubio,Usme, Nueva Esperanza
447,Danubio,Usme, San Martín
448,Danubio,Usme, Villa Neiza
449,Danubio,Usme, Picota Sur
450,Danubio,Usme, Porvenir.
451,Gran Yomasa,Usme,Almirante Padilla
452,Gran Yomasa,Usme, Altos del Pino
453,Gran Yomasa,Usme, Arizona
454,Gran Yomasa,Usme, Barranquillita
455,Gran Yomasa,Usme, Benjamin Uribe
456,Gran Yomasa,Usme, Betania
457,Gran Yomasa,Usme, Betania II
458,Gran Yomasa,Usme, Bolonia
459,Gran Yomasa,Usme, Bulevar del Sur
460,Gran Yomasa,Usme, Casa Loma II
461,Gran Yomasa,Usme, Casa Rey
462,Gran Yomasa,Usme, Casaloma
463,Gran Yomasa,Usme, Compostela I
464,Gran Yomasa,Usme, Compostela II
465,Gran Yomasa,Usme, Compostela III
466,Gran Yomasa,Usme, El Bosque
467,Gran Yomasa,Usme, El Cortijo
468,Gran Yomasa,Usme, El Curubo
469,Gran Yomasa,Usme, El Jordán
470,Gran Yomasa,Usme, El Nevado
471,Gran Yomasa,Usme, El Pedregal
472,Gran Yomasa,Usme, El Recuerdo Sur
473,Gran Yomasa,Usme, El Refugio
474,Gran Yomasa,Usme, El Refugio Sector Santa Librada
475,Gran Yomasa,Usme, El Rosal-Mirador
476,Gran Yomasa,Usme, El Rubí II Sector
477,Gran Yomasa,Usme, Gran Yomasa I
478,Gran Yomasa,Usme, Gran Yomasa II
479,Gran Yomasa,Usme, La Andrea
480,Gran Yomasa,Usme, La Aurora
481,Gran Yomasa,Usme, La Cabaña
482,Gran Yomasa,Usme, La Esperanza
483,Gran Yomasa,Usme, La Fortaleza
484,Gran Yomasa,Usme, La Regadera km. 11
485,Gran Yomasa,Usme, La Regadera Sur
486,Gran Yomasa,Usme, Las Granjas de San Pedro (Santa Librada)
487,Gran Yomasa,Usme, Las Viviendas
488,Gran Yomasa,Usme, Los Tejares Sur II Sector
489,Gran Yomasa,Usme, Nuevo San Andrés de Los Altos
490,Gran Yomasa,Usme, Olivares
491,Gran Yomasa,Usme, Salazar Salazar
492,Gran Yomasa,Usme, San Andrés Alto
493,Gran Yomasa,Usme, San Felipe
494,Gran Yomasa,Usme, San Isidro Sur
495,Gran Yomasa,Usme, San Juan Bautista
496,Gran Yomasa,Usme, San Juan I
497,Gran Yomasa,Usme, San Juan II
498,Gran Yomasa,Usme, San Juan II y III
499,Gran Yomasa,Usme, San Luis
500,Gran Yomasa,Usme, San Pablo
501,Gran Yomasa,Usme, Santa Librada
502,Gran Yomasa,Usme, Santa Librada-La Esperanza
503,Gran Yomasa,Usme, Santa Librada-La Sureña
504,Gran Yomasa,Usme, Santa Librada-Los Tejares (Gran Yomasa)
505,Gran Yomasa,Usme, Santa Librada Norte
506,Gran Yomasa,Usme, Santa Librada-San Bernardino
507,Gran Yomasa,Usme, Santa Librada-San Francisco
508,Gran Yomasa,Usme, Santa Librada-Salazar Salazar
509,Gran Yomasa,Usme, Santa Librada Sector La Peña
510,Gran Yomasa,Usme, Santa Marta II
511,Gran Yomasa,Usme, Santa Martha
512,Gran Yomasa,Usme, Sierra Morena
513,Gran Yomasa,Usme, Tenerife II Sector
514,Gran Yomasa,Usme, Urbanización Costa Rica-San Andrés de los Altos
515,Gran Yomasa,Usme, Urbanización Brasilia II Sector
516,Gran Yomasa,Usme, Urbanización Brasilia Sur
517,Gran Yomasa,Usme, Urbanización Cartagena
518,Gran Yomasa,Usme, Urbanización La Andrea
519,Gran Yomasa,Usme, Urbanización La Aurora II
520,Gran Yomasa,Usme, Urbanización Miravalle
521,Gran Yomasa,Usme, Urbanización Tequendama
522,Gran Yomasa,Usme, Valles de Cafam
523,Gran Yomasa,Usme, Vianey
524,Gran Yomasa,Usme, Villa Alejandría
525,Gran Yomasa,Usme, Villa Nelly
526,Gran Yomasa,Usme, Villas de Santa Isabel (Parque Entrenubes)
527,Gran Yomasa,Usme, Villas del Edén
528,Gran Yomasa,Usme, Yomasita.
529,Comuneros,Usme,Alfonso López Sector Charalá
530,Comuneros,Usme, Antonio José de Sucre I
531,Comuneros,Usme, II y III
532,Comuneros,Usme, Bellavista Alta
533,Comuneros,Usme, Bellavista II Sector
534,Comuneros,Usme, Bosque El Limonar
535,Comuneros,Usme, Bosque El Limonar II Sector
536,Comuneros,Usme, Brazuelos
537,Comuneros,Usme, Brazuelos Occidental
538,Comuneros,Usme, Brazuelos-El Paraíso
539,Comuneros,Usme, Brazuelos-La Esmeralda
540,Comuneros,Usme, Centro Educativo San José
541,Comuneros,Usme, Chapinerito
542,Comuneros,Usme, Chicó Sur
543,Comuneros,Usme, Chicó Sur II
544,Comuneros,Usme, Ciudadela Cantarrana I
545,Comuneros,Usme, II y III Sector
546,Comuneros,Usme, Comuneros
547,Comuneros,Usme, El Brillante
548,Comuneros,Usme, El Espino
549,Comuneros,Usme, El Mortiño
550,Comuneros,Usme, El Rubí
551,Comuneros,Usme, El Tuno
552,Comuneros,Usme, El Uval
553,Comuneros,Usme, El Virrey Última Etapa
554,Comuneros,Usme, Finca La Esperanza
555,Comuneros,Usme, La Esmeralda-El Recuerdo
556,Comuneros,Usme, La Esperanza km. 10
557,Comuneros,Usme, Las Brisas
558,Comuneros,Usme, Las Flores
559,Comuneros,Usme, Las Mercedes
560,Comuneros,Usme, Lorenzo Alcantuz I
561,Comuneros,Usme, Lorenzo Alcantuz II
562,Comuneros,Usme, Los Altos del Brazuelo
563,Comuneros,Usme, Marichuela III
564,Comuneros,Usme, Monteblanco
565,Comuneros,Usme, Montevídeo
566,Comuneros,Usme, Nuevo San Luis
567,Comuneros,Usme, San Joaquín-El Uval
568,Comuneros,Usme, Sector Granjas de San Pedro
569,Comuneros,Usme, Tenerife
570,Comuneros,Usme, Urbanización Chuniza I
571,Comuneros,Usme, Urbanización Jarón Monte Rubio
572,Comuneros,Usme, Urbanización Líbano
573,Comuneros,Usme, Urbanización Marichuela
574,Comuneros,Usme, Usminia
575,Comuneros,Usme, Villa Alemania
576,Comuneros,Usme, Villa Alemania II Sector
577,Comuneros,Usme, Villa Anita Sur
578,Comuneros,Usme, Villa Israel
579,Comuneros,Usme, Villa Israel II.
580,Alfonso López,Usme,Alfonso López Sector Buenos Aires
581,Alfonso López,Usme, Alfonso López Sector El Progreso
582,Alfonso López,Usme, Brisas del Llano
583,Alfonso López,Usme, El Nuevo Portal
584,Alfonso López,Usme, El Paraíso
585,Alfonso López,Usme, El Portal II Etapa
586,Alfonso López,Usme, El Progreso Usme
587,Alfonso López,Usme, El Refugio I y II
588,Alfonso López,Usme, El Triángulo
589,Alfonso López,Usme, El Uval II Sector
590,Alfonso López,Usme, La Huerta
591,Alfonso López,Usme, La Orquídea Usme
592,Alfonso López,Usme, La Reforma
593,Alfonso López,Usme, Nuevo Porvenir
594,Alfonso López,Usme, Nuevo Progreso-El Progreso II Sector
595,Alfonso López,Usme, Portal de La Vega
596,Alfonso López,Usme, Portal de Oriente
597,Alfonso López,Usme, Portal del Divino
598,Alfonso López,Usme, Puerta al Llano
599,Alfonso López,Usme, Puerta al Llano II
600,Alfonso López,Usme, Refugio I
601,Alfonso López,Usme, Villa Hermosa.
602,Parque Entrenubes,Usme,Arrayanes
603,Parque Entrenubes,Usme, Bolonia
604,Parque Entrenubes,Usme, El Bosque Central
605,Parque Entrenubes,Usme, El Nuevo Portal II
606,Parque Entrenubes,Usme, El Refugio I
607,Parque Entrenubes,Usme, La Esperanza Sur
608,Parque Entrenubes,Usme, Los Olivares
609,Parque Entrenubes,Usme, Pepinitos
610,Parque Entrenubes,Usme, Tocaimita Oriental
611,Parque Entrenubes,Usme, Tocaimita Sur.
612,Ciudad Usme,Usme,Ciudadela El Oasis
613,Ciudad Usme,Usme, Brisas del Llano
614,Ciudad Usme,Usme, Usme-Centro
615,Ciudad Usme,Usme, El Bosque km. 11
616,Ciudad Usme,Usme, El Pedregal-La Lira
617,Ciudad Usme,Usme, El Salteador
618,Ciudad Usme,Usme, La María.
619,Venecia,Tunjuelito,Fátima
620,Venecia,Tunjuelito, Laguneta
621,Venecia,Tunjuelito, Nuevo Muzú
622,Venecia,Tunjuelito, Rincón de Muzú
623,Venecia,Tunjuelito, Rincón de Venecia
624,Venecia,Tunjuelito, Samore
625,Venecia,Tunjuelito, San Vicente Ferrer
626,Venecia,Tunjuelito, Tejar de Ontario
627,Tunjuelito,Tunjuelito,Abraham Lincoln
628,Tunjuelito,Tunjuelito, San Benito
629,Tunjuelito,Tunjuelito, San Carlos
630,Tunjuelito,Tunjuelito, Tunjuelito.
631,Apogeo,Bosa,Jardines del Apogeo
632,Apogeo,Bosa, El Motorista
633,Apogeo,Bosa, Industrial
634,Apogeo,Bosa, La Ilusión
635,Apogeo,Bosa, Nuevo Chile
636,Apogeo,Bosa, Olarte
637,Apogeo,Bosa, Villa del Río.
638,Bosa Occidental,Bosa,Amaru
639,Bosa Occidental,Bosa, Berlín
640,Bosa Occidental,Bosa, Berlín de Bosa La Libertad III
641,Bosa Occidental,Bosa, Betania
642,Bosa Occidental,Bosa, Bosa Nova
643,Bosa Occidental,Bosa, Bosa Nova II Sector
644,Bosa Occidental,Bosa, Bosalinda (Holdebrando Olarte)
645,Bosa Occidental,Bosa, Brasil
646,Bosa Occidental,Bosa, Brasilia
647,Bosa Occidental,Bosa, Campo Hermoso
648,Bosa Occidental,Bosa, Casa Nueva
649,Bosa Occidental,Bosa, Chicala
650,Bosa Occidental,Bosa, Ciudadela La Libertad
651,Bosa Occidental,Bosa, El Bosque de Bosa
652,Bosa Occidental,Bosa, El Cauce
653,Bosa Occidental,Bosa, El Diamante
654,Bosa Occidental,Bosa, El Libertador
655,Bosa Occidental,Bosa, El Paradero
656,Bosa Occidental,Bosa, El Portal de La Libertad
657,Bosa Occidental,Bosa, El Porvenir
658,Bosa Occidental,Bosa, El Progreso
659,Bosa Occidental,Bosa, El Recuerdo
660,Bosa Occidental,Bosa, El Rincón de Bosa
661,Bosa Occidental,Bosa, El Rodeo
662,Bosa Occidental,Bosa, El Sauce
663,Bosa Occidental,Bosa, Escocia
664,Bosa Occidental,Bosa, Finca La Esperanza
665,Bosa Occidental,Bosa, Holanda
666,Bosa Occidental,Bosa, Hortelanos de Escocia
667,Bosa Occidental,Bosa, Jorge Uribe Botero
668,Bosa Occidental,Bosa, La Concepción
669,Bosa Occidental,Bosa, La Dulcinea
670,Bosa Occidental,Bosa, La Esmeralda
671,Bosa Occidental,Bosa, La Estanzuela I y II
672,Bosa Occidental,Bosa, La Florida
673,Bosa Occidental,Bosa, La Fontana de Bosa-La Libertad
674,Bosa Occidental,Bosa, La Independencia
675,Bosa Occidental,Bosa, La Libertad I
676,Bosa Occidental,Bosa, II
677,Bosa Occidental,Bosa, III
678,Bosa Occidental,Bosa, IV
679,Bosa Occidental,Bosa, La Magnolia
680,Bosa Occidental,Bosa, La María
681,Bosa Occidental,Bosa, La Palma
682,Bosa Occidental,Bosa, La Paz
683,Bosa Occidental,Bosa, La Portada
684,Bosa Occidental,Bosa, La Portadita
685,Bosa Occidental,Bosa, La Veguita
686,Bosa Occidental,Bosa, Las Margaritas
687,Bosa Occidental,Bosa, Las Vegas
688,Bosa Occidental,Bosa, Los Ocales
689,Bosa Occidental,Bosa, Los Sauces
690,Bosa Occidental,Bosa, Miami
691,Bosa Occidental,Bosa, New Jersey
692,Bosa Occidental,Bosa, Nuestra Señora de La Paz
693,Bosa Occidental,Bosa, Nueva Escocia
694,Bosa Occidental,Bosa, Nueva Esperanza
695,Bosa Occidental,Bosa, Porvenir
696,Bosa Occidental,Bosa, Potreritos
697,Bosa Occidental,Bosa, San Antonio
698,Bosa Occidental,Bosa, San Antonio de Bosa
699,Bosa Occidental,Bosa, San Antonio de Escocia
700,Bosa Occidental,Bosa, San Bernardino
701,Bosa Occidental,Bosa, San Javier
702,Bosa Occidental,Bosa, San Jorge
703,Bosa Occidental,Bosa, San Juanito
704,Bosa Occidental,Bosa, San Martín
705,Bosa Occidental,Bosa, San Pedro
706,Bosa Occidental,Bosa, Santa Inés
707,Bosa Occidental,Bosa, Sauces
708,Bosa Occidental,Bosa, Siracuza
709,Bosa Occidental,Bosa, Tokio
710,Bosa Occidental,Bosa, Vegas de Santana
711,Bosa Occidental,Bosa, Villa Carolina
712,Bosa Occidental,Bosa, Villa Clemencia
713,Bosa Occidental,Bosa, Villa Colombia
714,Bosa Occidental,Bosa, Villa de Los Comuneros
715,Bosa Occidental,Bosa, Villa de Suaita
716,Bosa Occidental,Bosa, Villa Magnolia
717,Bosa Occidental,Bosa, Villa Natalia
718,Bosa Occidental,Bosa, Villa Nohora
719,Bosa Occidental,Bosa, Villa Sonia I y II
720,Bosa Occidental,Bosa, Villas del Progreso
721,Bosa Occidental,Bosa, Villas del Velero
722,Bosa Occidental,Bosa, Campo Verde.
723,Bosa Central,Bosa,Andalucía I y II
724,Bosa Central,Bosa, Antonia Santos
725,Bosa Central,Bosa, Argelia
726,Bosa Central,Bosa, Bosa
727,Bosa Central,Bosa, Bosques de Meryland
728,Bosa Central,Bosa, Brasilia-La Estación
729,Bosa Central,Bosa, Carlos Albán
730,Bosa Central,Bosa, Charles de Gaulle
731,Bosa Central,Bosa, Claretiano
732,Bosa Central,Bosa, El Jardín
733,Bosa Central,Bosa, El Llano
734,Bosa Central,Bosa, El Palmar
735,Bosa Central,Bosa, El Portal de Bosa
736,Bosa Central,Bosa, El Povenir
737,Bosa Central,Bosa, El Progreso
738,Bosa Central,Bosa, El Retazo
739,Bosa Central,Bosa, El Toche
740,Bosa Central,Bosa, Getsemaní
741,Bosa Central,Bosa, Grancolombiano I y II
742,Bosa Central,Bosa, Gualoche
743,Bosa Central,Bosa, Hermanos Barragán
744,Bosa Central,Bosa, Humberto Valencia
745,Bosa Central,Bosa, Islandia
746,Bosa Central,Bosa, Israelita
747,Bosa Central,Bosa, Jiménez de Quesada
748,Bosa Central,Bosa, José Antonio Galán
749,Bosa Central,Bosa, José María Carbonel
750,Bosa Central,Bosa, La Amistad
751,Bosa Central,Bosa, La Azucena
752,Bosa Central,Bosa, La Estación
753,Bosa Central,Bosa, La Riviera
754,Bosa Central,Bosa, Laureles
755,Bosa Central,Bosa, Llano Oriental
756,Bosa Central,Bosa, Llanos de Bosa
757,Bosa Central,Bosa, Manzanares
758,Bosa Central,Bosa, Mitrani
759,Bosa Central,Bosa, Naranjos
760,Bosa Central,Bosa, Nueva Granada
761,Bosa Central,Bosa, Bosa Palestina
762,Bosa Central,Bosa, Paso Ancho
763,Bosa Central,Bosa, Piamonte
764,Bosa Central,Bosa, Primavera Sur
765,Bosa Central,Bosa, San Eugenio
766,Bosa Central,Bosa, San Pablo I sector y San Pablo II sector
767,Bosa Central,Bosa, San Pedro
768,Bosa Central,Bosa, Santa Lucía
769,Bosa Central,Bosa, Urbanización Acuarela
770,Bosa Central,Bosa, Betania
771,Bosa Central,Bosa, Vereda San José
772,Bosa Central,Bosa, La Esperanza
773,Bosa Central,Bosa, Villa Anny
774,Bosa Central,Bosa, Villa Bosa
775,Bosa Central,Bosa, Villa Nohora
776,Bosa Central,Bosa, Xochimilco.
777,El Porvenir,Bosa,Caldas
778,El Porvenir,Bosa, Antonio Nariño
779,El Porvenir,Bosa, Campo Hermoso
780,El Porvenir,Bosa, Cañaveralejo
781,El Porvenir,Bosa, El Anhelo
782,El Porvenir,Bosa, El Corzo
783,El Porvenir,Bosa, El Porvenir
784,El Porvenir,Bosa, El Recuerdo
785,El Porvenir,Bosa, El Recuerdo de Santa Fe
786,El Porvenir,Bosa, El Regalo
787,El Porvenir,Bosa, La Arboleda
788,El Porvenir,Bosa, La Cabaña
789,El Porvenir,Bosa, La Granjita
790,El Porvenir,Bosa, La Suerte
791,El Porvenir,Bosa, La Unión
792,El Porvenir,Bosa, Los Centauros
793,El Porvenir,Bosa, Osorio X
794,El Porvenir,Bosa, Osorio XIII
795,El Porvenir,Bosa, Parcela El Porvenir
796,El Porvenir,Bosa, San Bernardino II
797,El Porvenir,Bosa, San Miguel
798,El Porvenir,Bosa, Santa Fe I
799,El Porvenir,Bosa, II y III
800,El Porvenir,Bosa, Santa Fe de Bosa
801,El Porvenir,Bosa, Villa Alegre
802,El Porvenir,Bosa, Villa Alegría
803,El Porvenir,Bosa, Villa Esmeralda
804,El Porvenir,Bosa, Villa Karen.
805,Tintal Sur,Bosa,El Matorral
806,Tintal Sur,Bosa, El Matorral de San Bernardino
807,Tintal Sur,Bosa, El Triunfo
808,Tintal Sur,Bosa, El Triunfo de San Bernardino
809,Tintal Sur,Bosa, La Vega de San Bernardino Bajo
810,Tintal Sur,Bosa, Potreritos
811,Tintal Sur,Bosa, San Bernardino Sector Potrerito
812,Tintal Sur,Bosa, San Bernardino XIX
813,Tintal Sur,Bosa, XVI
814,Tintal Sur,Bosa, XVII
815,Tintal Sur,Bosa, XVIII
816,Tintal Sur,Bosa, XXII
817,Tintal Sur,Bosa, XXV
818,Tintal Sur,Bosa, Ciudadela el Recreo
819,Castilla,Kennedy,Aloha Norte
820,Castilla,Kennedy, Agrupación de Vivienda Pio XII
821,Castilla,Kennedy, Andalucía I y II
822,Castilla,Kennedy, Bavaria Techo II
823,Castilla,Kennedy, Bosques de Castilla
824,Castilla,Kennedy, Castilla La Nueva
825,Castilla,Kennedy, Castilla Los Mandriles
826,Castilla,Kennedy, Castilla Real
827,Castilla,Kennedy, Castilla Reservado
828,Castilla,Kennedy, Catania
829,Castilla,Kennedy, Catania-Castilla
830,Castilla,Kennedy, Ciudad Don Bosco
831,Castilla,Kennedy, Ciudad Favidi
832,Castilla,Kennedy, Ciudad Techo
833,Castilla,Kennedy, El Castillo
834,Castilla,Kennedy, El Condado
835,Castilla,Kennedy, El Portal de las Américas
836,Castilla,Kennedy, El Rincón de Castilla
837,Castilla,Kennedy, El Rincón de Los Ángeles
838,Castilla,Kennedy, El Tintal
839,Castilla,Kennedy, El Vergel
840,Castilla,Kennedy, Lagos de Castilla
841,Castilla,Kennedy, Las Dos Avenidas I y II Etapa
842,Castilla,Kennedy, Monterrey
843,Castilla,Kennedy, Multifamiliares El Ferrol
844,Castilla,Kennedy, Osorio
845,Castilla,Kennedy, Oviedo
846,Castilla,Kennedy, Pio XII
847,Castilla,Kennedy, San José Occidental
848,Castilla,Kennedy, Santa Catalina I y II
849,Castilla,Kennedy, Valladolid
850,Castilla,Kennedy, Villa Alsacia
851,Castilla,Kennedy, Villa Castilla
852,Castilla,Kennedy, Villa Galante
853,Castilla,Kennedy, Villa Liliana
854,Castilla,Kennedy, Villa Mariana
855,Castilla,Kennedy, Visión de Colombia.
856,Américas,Kennedy,Agrupación Pío X
857,Américas,Kennedy, Agrupación Multifamiliar Villa Emilia
858,Américas,Kennedy, Alférez Real
859,Américas,Kennedy, Américas Central
860,Américas,Kennedy, Américas Occidental I
861,Américas,Kennedy, II Y III Etapa
862,Américas,Kennedy, Antiguo Hipódromo de Techo II Etapa
863,Américas,Kennedy, Banderas
864,Américas,Kennedy, Carvajal II Sector
865,Américas,Kennedy, Centroaméricas
866,Américas,Kennedy, Ciudad Kennedy
867,Américas,Kennedy, El Rincón de Mandalay
868,Américas,Kennedy, Floresta Sur
869,Américas,Kennedy, Fundadores
870,Américas,Kennedy, Glorieta de las Américas
871,Américas,Kennedy, Hipotecho
872,Américas,Kennedy, Igualdad I y II
873,Américas,Kennedy, La Llanura
874,Américas,Kennedy, Las Américas
875,Américas,Kennedy, Los Sauces
876,Américas,Kennedy, Mandalay
877,Américas,Kennedy, Marsella III
878,Américas,Kennedy, Nueva Marsella I
879,Américas,Kennedy, II y III
880,Américas,Kennedy, Provivienda Oriental
881,Américas,Kennedy, Santa Rosa de Carvajal
882,Américas,Kennedy, Villa Adriana
883,Américas,Kennedy, Villa Claudia.
884,Carvajal,Kennedy,Alquería de la Fragua
885,Carvajal,Kennedy, Bombay
886,Carvajal,Kennedy, Carimagua I
887,Carvajal,Kennedy, Carvajal
888,Carvajal,Kennedy, Carvajal Osorio
889,Carvajal,Kennedy, Carvajal Techo
890,Carvajal,Kennedy, Condado El Rey
891,Carvajal,Kennedy, Delicias
892,Carvajal,Kennedy, Desarrollo Nueva York
893,Carvajal,Kennedy, El Pencil
894,Carvajal,Kennedy, El Progreso I y II
895,Carvajal,Kennedy, El Triángulo
896,Carvajal,Kennedy, Floralia I y II
897,Carvajal,Kennedy, Gerona
898,Carvajal,Kennedy, Guadalupe
899,Carvajal,Kennedy, La Chucua
900,Carvajal,Kennedy, Las Torres
901,Carvajal,Kennedy, Los Cristales
902,Carvajal,Kennedy, Lucerna
903,Carvajal,Kennedy, Milenta
904,Carvajal,Kennedy, Nueva York
905,Carvajal,Kennedy, Provivienda
906,Carvajal,Kennedy, Provivienda Occidental
907,Carvajal,Kennedy, Salvador Allende
908,Carvajal,Kennedy, San Andrés I y II
909,Carvajal,Kennedy, Talavera de la Reina
910,Carvajal,Kennedy, Tayrona Comercial
911,Carvajal,Kennedy, Valencia-La Chucua
912,Carvajal,Kennedy, Villa Nueva.
913,Kennedy Central,Kennedy,Abraham Lincoln
914,Kennedy Central,Kennedy, Casablanca I
915,Kennedy Central,Kennedy, II
916,Kennedy Central,Kennedy, III y IV
917,Kennedy Central,Kennedy, Casablanca 32 y 33
918,Kennedy Central,Kennedy, Ciudad Kennedy Central
919,Kennedy Central,Kennedy, Ciudad Kennedy Norte
920,Kennedy Central,Kennedy, Ciudad Kennedy Occidental
921,Kennedy Central,Kennedy, Ciudad Kennedy Oriental
922,Kennedy Central,Kennedy, Ciudad Kennedy Sur
923,Kennedy Central,Kennedy, El Descanso
924,Kennedy Central,Kennedy, La Giraldilla
925,Kennedy Central,Kennedy, Miraflores Kennedy
926,Kennedy Central,Kennedy, Multifamiliar Techo
927,Kennedy Central,Kennedy, Nuevo Kennedy
928,Kennedy Central,Kennedy, Pastrana
929,Kennedy Central,Kennedy, Techo
930,Kennedy Central,Kennedy, Puerto José de Caldas.
931,Timiza,Kennedy,Alameda de Timiza
932,Timiza,Kennedy, Alfonso Montaña
933,Timiza,Kennedy, Berlín
934,Timiza,Kennedy, Boitá I y II
935,Timiza,Kennedy, Casa Loma
936,Timiza,Kennedy, Catalina
937,Timiza,Kennedy, Catalina II
938,Timiza,Kennedy, El Comité
939,Timiza,Kennedy, El Jordán
940,Timiza,Kennedy, El Palenque
941,Timiza,Kennedy, El Porvenir
942,Timiza,Kennedy, El Rubí
943,Timiza,Kennedy, Jacqueline
944,Timiza,Kennedy, Juan Pablo I
945,Timiza,Kennedy, La Cecilia
946,Timiza,Kennedy, La Unidad
947,Timiza,Kennedy, Lago Timiza I y II Etapa
948,Timiza,Kennedy, Las Luces
949,Timiza,Kennedy, Moravia II
950,Timiza,Kennedy, Nuevo Timiza
951,Timiza,Kennedy, Onasis
952,Timiza,Kennedy, Pastrana
953,Timiza,Kennedy, Pastranita II
954,Timiza,Kennedy, Perpetuo Socorro
955,Timiza,Kennedy, Prados de Kennedy
956,Timiza,Kennedy, Roma
957,Timiza,Kennedy, Roma II
958,Timiza,Kennedy, Sagrado Corazón
959,Timiza,Kennedy, San Martín de Porres
960,Timiza,Kennedy, Santa Catalina
961,Timiza,Kennedy, Timiza
962,Timiza,Kennedy, Tonoli
963,Timiza,Kennedy, Tocarema
964,Timiza,Kennedy, Tundama
965,Timiza,Kennedy, Vasconia II
966,Timiza,Kennedy, Villa de los Sauces
967,Timiza,Kennedy, Villa Rica.
968,Tintal Norte,Kennedy,Santa Paz-Santa Elvira y Vereda El Tintal
969,Tintal Norte,Kennedy,y la parte occidental del sector Tintal como lo es Ciudad Tintal.
970,Calandaima,Kennedy,Urbanización Unir Uno (Predio Calandaima)
971,Calandaima,Kennedy, Calandaima
972,Calandaima,Kennedy, Conjunto Residencial Prados de castilla I
973,Calandaima,Kennedy, II y III
974,Calandaima,Kennedy, Conjunto Residencial Gerona del Tintal
975,Calandaima,Kennedy, Galán
976,Calandaima,Kennedy, Osorio
977,Calandaima,Kennedy, Santa Fe del Tintal
978,Calandaima,Kennedy, Tintala
979,Calandaima,Kennedy, Ciudadela Tierra Buena
980,Calandaima,Kennedy, Ciudadela Primavera.
981,Corabastos,Kennedy,Cayetano Cañizares
982,Corabastos,Kennedy, Chucua de la Vaca
983,Corabastos,Kennedy, El Amparo
984,Corabastos,Kennedy, El Llantito
985,Corabastos,Kennedy, El Olivo
986,Corabastos,Kennedy, El Saucedal
987,Corabastos,Kennedy, La Concordia
988,Corabastos,Kennedy, La Esperanza
989,Corabastos,Kennedy, La María
990,Corabastos,Kennedy, Llano Grande
991,Corabastos,Kennedy, María Paz
992,Corabastos,Kennedy, Pinar del Río
993,Corabastos,Kennedy, San Carlos
994,Corabastos,Kennedy, Villa de la Loma
995,Corabastos,Kennedy, Villa de la Torre
996,Corabastos,Kennedy, Villa Emilia
997,Corabastos,Kennedy, Vista Hermosa.
998,Gran Britalia,Kennedy,Alfonso López Michelsen
999,Gran Britalia,Kennedy, Britalita
1000,Gran Britalia,Kennedy, Calarcá I y II
1001,Gran Britalia,Kennedy, Casablanca Sur
1002,Gran Britalia,Kennedy, Class
1003,Gran Britalia,Kennedy, El Almenar
1004,Gran Britalia,Kennedy, El Carmelo
1005,Gran Britalia,Kennedy, Gran Britalia
1006,Gran Britalia,Kennedy, La Esperanza
1007,Gran Britalia,Kennedy, La María
1008,Gran Britalia,Kennedy, Pastranita
1009,Gran Britalia,Kennedy, Santa María de Kennedy
1010,Gran Britalia,Kennedy, Vegas de Santa Ana
1011,Gran Britalia,Kennedy, Villa Andrea
1012,Gran Britalia,Kennedy, Villa Anita
1013,Gran Britalia,Kennedy, Villa Nelly
1014,Gran Britalia,Kennedy, Villa Zarzamora
1015,Gran Britalia,Kennedy," Villas de Kennedy.
<p><br/>
</p>"
1016,Patio Bonito,Kennedy,Altamar
1017,Patio Bonito,Kennedy, Avenida Cundinamarca
1018,Patio Bonito,Kennedy, Barranquillita
1019,Patio Bonito,Kennedy, Bellavista
1020,Patio Bonito,Kennedy, Campo Hermoso
1021,Patio Bonito,Kennedy, Ciudad de Cali
1022,Patio Bonito,Kennedy, Ciudad Galán
1023,Patio Bonito,Kennedy, Ciudad Granada
1024,Patio Bonito,Kennedy, Dindalito
1025,Patio Bonito,Kennedy, El Paraíso
1026,Patio Bonito,Kennedy, El Patio
1027,Patio Bonito,Kennedy, El Rosario
1028,Patio Bonito,Kennedy, El Saucedal
1029,Patio Bonito,Kennedy, El Triunfo
1030,Patio Bonito,Kennedy, Horizonte Occidente
1031,Patio Bonito,Kennedy, Jazmín Occidental
1032,Patio Bonito,Kennedy, La Rivera
1033,Patio Bonito,Kennedy, Las Acacias
1034,Patio Bonito,Kennedy, Las Brisas
1035,Patio Bonito,Kennedy, Las Palmeras
1036,Patio Bonito,Kennedy, Los Almendros
1037,Patio Bonito,Kennedy, Palmitas
1038,Patio Bonito,Kennedy, Patio Bonito I II y III
1039,Patio Bonito,Kennedy, Puente La Vega
1040,Patio Bonito,Kennedy, San Dionisio
1041,Patio Bonito,Kennedy, San Marino
1042,Patio Bonito,Kennedy, Santa Mónica
1043,Patio Bonito,Kennedy, Sumapaz
1044,Patio Bonito,Kennedy, Tayrona
1045,Patio Bonito,Kennedy, Tierra Buena. Tintalito I y II
1046,Patio Bonito,Kennedy, Tocarema
1047,Patio Bonito,Kennedy, Villa Alexandra
1048,Patio Bonito,Kennedy, Villa Andrés
1049,Patio Bonito,Kennedy, Villa Hermosa
1050,Patio Bonito,Kennedy, Villa Mendoza.
1051,Las Margaritas,Kennedy,Las Margaritas
1052,Las Margaritas,Kennedy, Osorio XI y XII
1053,Las Margaritas,Kennedy, Portal Américas.
1054,Bavaria,Kennedy,Aloha
1055,Bavaria,Kennedy, Alsacia
1056,Bavaria,Kennedy, Áticos de las Américas
1057,Bavaria,Kennedy, Cooperativa de Suboficiales
1058,Bavaria,Kennedy, El Condado de la Paz
1059,Bavaria,Kennedy, Los Pinos de Marsella
1060,Bavaria,Kennedy, Lusitania
1061,Bavaria,Kennedy, Marsella
1062,Bavaria,Kennedy, Nuestra Señora de La Paz
1063,Bavaria,Kennedy, San José Occidental
1064,Bavaria,Kennedy, Unidad Oviedo
1065,Bavaria,Kennedy, Urbanización Bavaria
1066,Bavaria,Kennedy,Ciudad Alsacia.
1067,Fontibón,Fontibón,Arabia
1068,Fontibón,Fontibón, Atahualpa
1069,Fontibón,Fontibón, Bahía Solano
1070,Fontibón,Fontibón, Santiago Batavia
1071,Fontibón,Fontibón, Belén
1072,Fontibón,Fontibón, Betania
1073,Fontibón,Fontibón, Boston
1074,Fontibón,Fontibón, Centenario
1075,Fontibón,Fontibón, Centro A
1076,Fontibón,Fontibón, El Carmen
1077,Fontibón,Fontibón, El Cuco
1078,Fontibón,Fontibón, El Guadual
1079,Fontibón,Fontibón, El Jordan
1080,Fontibón,Fontibón, El Pedregal
1081,Fontibón,Fontibón, El Ruby
1082,Fontibón,Fontibón, El Tapete
1083,Fontibón,Fontibón, Ferrocaja
1084,Fontibón,Fontibón, Flandes
1085,Fontibón,Fontibón, Fontibón Centro
1086,Fontibón,Fontibón, La Cabaña
1087,Fontibón,Fontibón, La Giralda
1088,Fontibón,Fontibón, La Laguna
1089,Fontibón,Fontibón, Las Flores
1090,Fontibón,Fontibón, Palestina
1091,Fontibón,Fontibón, Rincón Santo
1092,Fontibón,Fontibón, Santander
1093,Fontibón,Fontibón, Salamanca
1094,Fontibón,Fontibón, San Pedro-Los Robles
1095,Fontibón,Fontibón, Torcoroma
1096,Fontibón,Fontibón, Unidad Residencial Montecarlo
1097,Fontibón,Fontibón, Valle Verde
1098,Fontibón,Fontibón, Veracruz
1099,Fontibón,Fontibón, Versalles
1100,Fontibón,Fontibón, Villa Beatriz
1101,Fontibón,Fontibón, Villa Carmenza
1102,Fontibón,Fontibón, Villemar.
1103,Fontibón-San Pablo,Fontibón,Ambalema
1104,Fontibón-San Pablo,Fontibón, Bohíos
1105,Fontibón-San Pablo,Fontibón, El Portal
1106,Fontibón-San Pablo,Fontibón, El Refugio
1107,Fontibón-San Pablo,Fontibón, El Triángulo
1108,Fontibón-San Pablo,Fontibón, Florencia
1109,Fontibón-San Pablo,Fontibón, Jericó
1110,Fontibón-San Pablo,Fontibón, La Aldea
1111,Fontibón-San Pablo,Fontibón, La Estación
1112,Fontibón-San Pablo,Fontibón, La Perla
1113,Fontibón-San Pablo,Fontibón, La Zelfita
1114,Fontibón-San Pablo,Fontibón, Las Brisas
1115,Fontibón-San Pablo,Fontibón, Prados de la Alameda
1116,Fontibón-San Pablo,Fontibón, Puente Grande
1117,Fontibón-San Pablo,Fontibón, San Pablo
1118,Fontibón-San Pablo,Fontibón, Selva Dorada
1119,Fontibón-San Pablo,Fontibón, Villa Liliana
1120,Fontibón-San Pablo,Fontibón, HB
1121,Fontibón-San Pablo,Fontibón, Recodo.
1122,Zona Franca,Fontibón,Pueblo Nuevo
1123,Zona Franca,Fontibón, Moravia
1124,Zona Franca,Fontibón, Kasandra
1125,Zona Franca,Fontibón, Sabana Grande.
1126,Ciudad Salitre Occidente,Fontibón,Carlos Lleras
1127,Ciudad Salitre Occidente,Fontibón, La Esperanza Norte
1128,Ciudad Salitre Occidente,Fontibón, Salitre Nor-Occidental
1129,Ciudad Salitre Occidente,Fontibón, Sauzalito.
1130,Granjas de Techo,Fontibón,El Franco
1131,Granjas de Techo,Fontibón, Granjas de Techo
1132,Granjas de Techo,Fontibón, Montevideo
1133,Granjas de Techo,Fontibón, Paraíso Bavaria
1134,Granjas de Techo,Fontibón, Visión Semiindustrial.
1135,Modelia,Fontibón,Bosque de Modelia
1136,Modelia,Fontibón, Baleares
1137,Modelia,Fontibón, Capellania
1138,Modelia,Fontibón, El Rincón de Modelia
1139,Modelia,Fontibón, Fuentes del Dorado
1140,Modelia,Fontibón, Hayuelos
1141,Modelia,Fontibón, Cofradía
1142,Modelia,Fontibón, La Felicidad
1143,Modelia,Fontibón, La Esperanza
1144,Modelia,Fontibón, Mallorca
1145,Modelia,Fontibón, Modelia
1146,Modelia,Fontibón, Modelia Occidental
1147,Modelia,Fontibón, Santa Cecilia
1148,Modelia,Fontibón, Tarragona.
1149,Capellanía,Fontibón,El Jardín
1150,Capellanía,Fontibón, La Rosita
1151,Capellanía,Fontibón, Puerta de Teja
1152,Capellanía,Fontibón, San José
1153,Capellanía,Fontibón, Veracruz.
1154,Aeropuerto Eldorado,Fontibón,El Bogotano
1155,Las Ferias,Engativá,Acapulco
1156,Las Ferias,Engativá, Bellavista Occidental
1157,Las Ferias,Engativá, Bosque Popular
1158,Las Ferias,Engativá, Cataluña
1159,Las Ferias,Engativá, Ciudad de Honda
1160,Las Ferias,Engativá, El Dorado-San Joaquín
1161,Las Ferias,Engativá, El Guali
1162,Las Ferias,Engativá, El Laurel
1163,Las Ferias,Engativá, El Paseo
1164,Las Ferias,Engativá, Estrada
1165,Las Ferias,Engativá, La Cabaña
1166,Las Ferias,Engativá, La Estradita
1167,Las Ferias,Engativá, La Europa
1168,Las Ferias,Engativá, La Marcela
1169,Las Ferias,Engativá, La Reliquia
1170,Las Ferias,Engativá, Las Ferias
1171,Las Ferias,Engativá, Metrópolis
1172,Las Ferias,Engativá, Palo Blanco
1173,Las Ferias,Engativá, Santo Domingo.
1174,Minuto de Dios,Engativá,Andalucía
1175,Minuto de Dios,Engativá, Copetroco La Tropical
1176,Minuto de Dios,Engativá, El Portal del Río
1177,Minuto de Dios,Engativá, La Palestina
1178,Minuto de Dios,Engativá, Tisquesusa
1179,Minuto de Dios,Engativá, Andalucía
1180,Minuto de Dios,Engativá, La Española
1181,Minuto de Dios,Engativá, La Serena
1182,Minuto de Dios,Engativá, Los Cerezos
1183,Minuto de Dios,Engativá, Luis Carlos Galán
1184,Minuto de Dios,Engativá, Meissen-Sidauto
1185,Minuto de Dios,Engativá, Morisco
1186,Minuto de Dios,Engativá, París Gaitán
1187,Minuto de Dios,Engativá, Primavera Norte
1188,Boyacá Real,Engativá, El Carmelo
1189,Boyacá Real,Engativá, El Refugio
1190,Boyacá Real,Engativá, Florencia
1191,Boyacá Real,Engativá, Florida Blanca
1192,Boyacá Real,Engativá, La Almería
1193,Boyacá Real,Engativá, La Granja
1194,Boyacá Real,Engativá, La Soledad Norte
1195,Boyacá Real,Engativá, La Salina
1196,Boyacá Real,Engativá, Los Pinos Florencia
1197,Boyacá Real,Engativá, Maratu
1198,Boyacá Real,Engativá, París
1199,Boyacá Real,Engativá, Santa Helenita
1200,Boyacá Real,Engativá, Santa María del Lago
1201,Boyacá Real,Engativá, Santa Rosita
1202,Boyacá Real,Engativá, Tabora
1203,Boyacá Real,Engativá, Veracruz
1204,Boyacá Real,Engativá, Zarzamora.
1205,Santa Cecilia,Engativá,El Encanto
1206,Santa Cecilia,Engativá, El Lujan
1207,Santa Cecilia,Engativá, El Real
1208,Santa Cecilia,Engativá, Los Monjes
1209,Santa Cecilia,Engativá, Normandía
1210,Santa Cecilia,Engativá, Normandía Occidental
1211,Santa Cecilia,Engativá, San Ignacio
1212,Santa Cecilia,Engativá, San Marcos
1213,Santa Cecilia,Engativá, Santa Cecilia
1214,Garcés Navas,Engativá, Álamos
1215,Garcés Navas,Engativá, Álamos Norte
1216,Garcés Navas,Engativá, Bosques de Mariana
1217,Garcés Navas,Engativá, El Cedro
1218,Garcés Navas,Engativá, Los Ángeles
1219,Garcés Navas,Engativá, Molinos de Viento
1220,Garcés Navas,Engativá, Plazuelas del Virrey
1221,Garcés Navas,Engativá, San Basilio
1222,Garcés Navas,Engativá, Santa Mónica
1223,Garcés Navas,Engativá, Villa Amalia
1224,Garcés Navas,Engativá, Villa Sagrario
1225,Garcés Navas,Engativá, Villas del Dorado-San Antonio
1226,Garcés Navas,Engativá, Bosques de Granada
1227,Garcés Navas,Engativá, Parques de Granada
1228,Garcés Navas,Engativá, Andalucía Parques de Granada
1229,Garcés Navas,Engativá, Portal de Granada
1230,Garcés Navas,Engativá, Rincón de Granada
1231,Garcés Navas,Engativá, Granada Club Residencial
1232,Garcés Navas,Engativá, La Rotana
1233,Garcés Navas,Engativá, Mirador de los Cerezos.
1234,Engativá,Engativá,Alameda
1235,Engativá,Engativá, Centauros del Danubio 
1236,Engativá,Engativá, El Cedro
1237,Engativá,Engativá, El Mirador
1238,Engativá,Engativá, El Muelle
1239,Engativá,Engativá, El Palmar
1240,Engativá,Engativá, El Triángulo
1241,Engativá,Engativá, El Verdún
1242,Engativá,Engativá, Engativá-Centro
1243,Engativá,Engativá, Granjas El Dorado
1244,Engativá,Engativá, La Cabaña
1245,Engativá,Engativá, La Esperanza
1246,Engativá,Engativá, La Faena
1247,Engativá,Engativá, La Riviera
1248,Engativá,Engativá, La Torquigua
1249,Engativá,Engativá, Santa Lucía Norte
1250,Engativá,Engativá, Las Mercedes
1251,Engativá,Engativá, Las Palmas
1252,Engativá,Engativá, Linterama
1253,Engativá,Engativá, Los Laureles
1254,Engativá,Engativá, Los Laureles-Sabanas El Dorado
1255,Engativá,Engativá, Marandú
1256,Engativá,Engativá, Porvenir
1257,Engativá,Engativá, Puerto Amor-Playas del Jaboque
1258,Engativá,Engativá, San Antonio Norte
1259,Engativá,Engativá, San Basilio
1260,Engativá,Engativá, San José Obrero
1261,Engativá,Engativá, Santa Librada
1262,Engativá,Engativá, Villa Claver I y II
1263,Engativá,Engativá, Villa Constanza
1264,Engativá,Engativá, Villas del Dorado Norte
1265,Engativá,Engativá, Villa Gladys
1266,Engativá,Engativá, Villa Mary
1267,Engativá,Engativá, Villa Sandra
1268,Engativá,Engativá, Villa Teresita
1269,Engativá,Engativá, Viña del Mar.
1270,Jardín Botánico,Engativá,El Salitre-Luis María Fernández.
1271,Álamos,Engativá,San Ignacio-Los Álamos.
1272,La Academia,Suba,La Academia
1273,Guaymaral,Suba,Guaymaral
1274,Guaymaral,Suba, Conejera.
1275,San José de Bavaria,Suba,Gibraltar
1276,San José de Bavaria,Suba, Guicani
1277,San José de Bavaria,Suba, Mirandela
1278,San José de Bavaria,Suba, Nueva Zelandia
1279,San José de Bavaria,Suba, Oikos
1280,San José de Bavaria,Suba, San Felipe
1281,San José de Bavaria,Suba, San José de Bavaria
1282,San José de Bavaria,Suba, Santa Catalina
1283,San José de Bavaria,Suba, Tejares del Norte
1284,San José de Bavaria,Suba, Villanova
1285,San José de Bavaria,Suba, Villa del Prado
1286,San José de Bavaria,Suba, Villa Lucy.
1287,Britalia,Suba,Britalia
1288,Britalia,Suba, Britalia San Diego
1289,Britalia,Suba, Calima Norte
1290,Britalia,Suba, Cantagallo
1291,Britalia,Suba, Cantalejo
1292,Britalia,Suba, El Paraíso de los 12 Apóstoles
1293,Britalia,Suba, Gilmar
1294,Britalia,Suba, Granada Norte
1295,Britalia,Suba, Granjas de Namur
1296,Britalia,Suba, La Chocita
1297,Britalia,Suba, Los Eliseos
1298,Britalia,Suba, Pijao de Oro
1299,Britalia,Suba, Portales del Norte
1300,Britalia,Suba, San Cipriano
1301,Britalia,Suba, Villa Delia
1302,Britalia,Suba, Vista Bella.
1303,El Prado,Suba,Alcalá
1304,El Prado,Suba, Atabanza
1305,El Prado,Suba, Bernal y Forero
1306,El Prado,Suba, Cacihia
1307,El Prado,Suba, Canodromo
1308,El Prado,Suba, La Sultana
1309,El Prado,Suba, Libertadores
1310,El Prado,Suba, Los Prados de La Sultana
1311,El Prado,Suba, Madeira
1312,El Prado,Suba, Manuela Arluz
1313,El Prado,Suba, Mazurén
1314,El Prado,Suba, Niza IX
1315,El Prado,Suba, Prado Pinzón
1316,El Prado,Suba, Prado Sur
1317,El Prado,Suba, Prado Veraniego
1318,El Prado,Suba, Prado Veraniego Norte
1319,El Prado,Suba, Prado Veraniego Sur
1320,El Prado,Suba, San José del Spring
1321,El Prado,Suba, San José del Prado
1322,El Prado,Suba, Santa Helena
1323,El Prado,Suba, Tarragona
1324,El Prado,Suba, Tierra Linda
1325,El Prado,Suba, Victoria Norte
1326,El Prado,Suba, Villa Morena.
1327,La Alhambra,Suba,Alhambra
1328,La Alhambra,Suba, Batán
1329,La Alhambra,Suba, El Recreo de los Frailes
1330,La Alhambra,Suba, Estoril
1331,La Alhambra,Suba, Ilarco
1332,La Alhambra,Suba, Malibú
1333,La Alhambra,Suba, Mónaco
1334,La Alhambra,Suba, Pasadena
1335,La Alhambra,Suba, Puente Largo.
1336,Casablanca Suba,Suba,Atenas
1337,Casablanca Suba,Suba, Catalayud
1338,Casablanca Suba,Suba, Casa Blanca I y II
1339,Casablanca Suba,Suba, Casablanca Norte Suba
1340,Casablanca Suba,Suba, Del Monte
1341,Casablanca Suba,Suba, El Velero
1342,Casablanca Suba,Suba, Escuela de Carabineros.
1343,Niza,Suba,Calatrava
1344,Niza,Suba, Campania
1345,Niza,Suba, Ciudad Jardín Norte
1346,Niza,Suba, Colinas de Suba
1347,Niza,Suba, Córdoba
1348,Niza,Suba, Covadonga
1349,Niza,Suba, Gratamira
1350,Niza,Suba, Iberia
1351,Niza,Suba, Lagos de Córdoba
1352,Niza,Suba, Las Villas
1353,Niza,Suba, Lindaraja
1354,Niza,Suba, Niza
1355,Niza,Suba, Niza Norte
1356,Niza,Suba, Niza Suba
1357,Niza,Suba, Niza VIII
1358,Niza,Suba, Prado Jardín
1359,Niza,Suba, Provenza
1360,Niza,Suba, Rincón de Iberia
1361,Niza,Suba, Sotileza.
1362,La Floresta,Suba,Andes Norte
1363,La Floresta,Suba, Club los Lagartos
1364,La Floresta,Suba, Coasmedas
1365,La Floresta,Suba, Julio Florez
1366,La Floresta,Suba, La Alborada
1367,La Floresta,Suba, La Floresta Norte
1368,La Floresta,Suba, Morato
1369,La Floresta,Suba, Nuevo Monterrey
1370,La Floresta,Suba, Pontevedra
1371,La Floresta,Suba, Potosí
1372,La Floresta,Suba, Santa Rosa
1373,La Floresta,Suba, San Nicolás
1374,La Floresta,Suba, Teusacá.
1375,Suba,Suba,Acacias
1376,Suba,Suba, Alaska
1377,Suba,Suba, Alcázar de Suba
1378,Suba,Suba, Almendros Norte
1379,Suba,Suba, Alto de la Toma
1380,Suba,Suba, Bosques de San Jorge
1381,Suba,Suba, Campanela
1382,Suba,Suba, Costa Azul
1383,Suba,Suba, El Pencil
1384,Suba,Suba, Suba Compartir
1385,Suba,Suba, El Pinar
1386,Suba,Suba, Los Lagos
1387,Suba,Suba, El Pórtico
1388,Suba,Suba, El Salitre
1389,Suba,Suba, Java
1390,Suba,Suba, La Campiña
1391,Suba,Suba, La Fontana
1392,Suba,Suba, Gloria Lara
1393,Suba,Suba, Las Orquídeas
1394,Suba,Suba, Londres
1395,Suba,Suba, Miraflores
1396,Suba,Suba, Monarcas
1397,Suba,Suba, Navetas
1398,Suba,Suba, Prados de Suba
1399,Suba,Suba, Portal de Las Mercedes
1400,Suba,Suba, Almendros de Suba
1401,Suba,Suba, Las Flores
1402,Suba,Suba, Pradera de Suba
1403,Suba,Suba, Prados de Suba
1404,Suba,Suba, Rincón de Santa Inés
1405,Suba,Suba, San Francisco
1406,Suba,Suba, Santa Isabel
1407,Suba,Suba, Suba Centro
1408,Suba,Suba, Tuna Alta
1409,Suba,Suba, Tuna Baja
1410,Suba,Suba, Turingia
1411,Suba,Suba, Vereda Suba Cerros
1412,Suba,Suba, Villa del Campo
1413,Suba,Suba, Villa Esperanza
1414,Suba,Suba, Villa Hermosa
1415,Suba,Suba, Villa Susana.
1416,El Rincón,Suba,Alcaparros
1417,El Rincón,Suba, Almirante Colón
1418,El Rincón,Suba, Almonacid
1419,El Rincón,Suba, Altos de Chozica
1420,El Rincón,Suba, Altos de la Esperanza
1421,El Rincón,Suba, Amberes
1422,El Rincón,Suba, Antonio Granados
1423,El Rincón,Suba, Arrayanes
1424,El Rincón,Suba, Aures I y II
1425,El Rincón,Suba, Bochalema
1426,El Rincón,Suba, Catalina
1427,El Rincón,Suba, Ciudad Hunza
1428,El Rincón,Suba, Ciudadela Cafam
1429,El Rincón,Suba, Costa Azul
1430,El Rincón,Suba, Costa Rica
1431,El Rincón,Suba, El Aguinaldo
1432,El Rincón,Suba, El Arenal
1433,El Rincón,Suba, El Carmen
1434,El Rincón,Suba, El Cerezo
1435,El Rincón,Suba, El Cóndor
1436,El Rincón,Suba, El Jordan-La Esperanza
1437,El Rincón,Suba, El Poa
1438,El Rincón,Suba, El Naranjal
1439,El Rincón,Suba, El Ocal
1440,El Rincón,Suba, El Palmar
1441,El Rincón,Suba, El Pórtico
1442,El Rincón,Suba, El Progreso
1443,El Rincón,Suba, El Refugio de Suba
1444,El Rincón,Suba, El Rubí
1445,El Rincón,Suba, El Tabor
1446,El Rincón,Suba, Gloria Lara de Echeverri
1447,El Rincón,Suba, Guillermo Núñez
1448,El Rincón,Suba, Jaime Bermeo
1449,El Rincón,Suba, Japón
1450,El Rincón,Suba, Java II Sector
1451,El Rincón,Suba, La Aguadita
1452,El Rincón,Suba, La Alameda
1453,El Rincón,Suba, La Aurora
1454,El Rincón,Suba, La Chucua
1455,El Rincón,Suba, La Esmeralda
1456,El Rincón,Suba, La Esperanza (Calle 131 A)
1457,El Rincón,Suba, La Estanzuela
1458,El Rincón,Suba, La Flor
1459,El Rincón,Suba, La Flora
1460,El Rincón,Suba, La Manuelita
1461,El Rincón,Suba, La Palma
1462,El Rincón,Suba, Lagos de Suba
1463,El Rincón,Suba, Las Flores
1464,El Rincón,Suba, Lombardía/comuneros
1465,El Rincón,Suba, Los Arrayanes
1466,El Rincón,Suba, Los Naranjos
1467,El Rincón,Suba, Los Nogales
1468,El Rincón,Suba, Naranjos Altos
1469,El Rincón,Suba, Palma Aldea
1470,El Rincón,Suba, Porterrillo
1471,El Rincón,Suba, Prados de Santa Bárbara
1472,El Rincón,Suba, Puerta del Sol
1473,El Rincón,Suba, Rincón de Suba
1474,El Rincón,Suba, Rincón El Cóndor
1475,El Rincón,Suba, Rincón-Escuela
1476,El Rincón,Suba, Riobamba
1477,El Rincón,Suba, Rodrigo Lara Bonilla
1478,El Rincón,Suba, San Cayetano
1479,El Rincón,Suba, San Isidro Norte
1480,El Rincón,Suba, San Jorge
1481,El Rincón,Suba, San Miguel
1482,El Rincón,Suba, San Pedro
1483,El Rincón,Suba, Santa Ana de Suba
1484,El Rincón,Suba, Taberín
1485,El Rincón,Suba, Telecom Arrayanes
1486,El Rincón,Suba, Teusaquillo de Suba
1487,El Rincón,Suba, Tibabuyes
1488,El Rincón,Suba, Trinitaria
1489,El Rincón,Suba, Villa Alexandra
1490,El Rincón,Suba, Villa Catalina
1491,El Rincón,Suba, Villa Elisa
1492,El Rincón,Suba, Villa María
1493,El Rincón,Suba, Villas del Rincón.
1494,Tibabuyes,Suba,Atenas
1495,Tibabuyes,Suba, Berlín
1496,Tibabuyes,Suba, Bilbao
1497,Tibabuyes,Suba, Cañiza I
1498,Tibabuyes,Suba, II y III
1499,Tibabuyes,Suba, Carolina II y III
1500,Tibabuyes,Suba, El Cedro
1501,Tibabuyes,Suba, Compartir
1502,Tibabuyes,Suba, Fontanar del río
1503,Tibabuyes,Suba, La Gaitana
1504,Tibabuyes,Suba, La Isabela
1505,Tibabuyes,Suba, Los Nogales de Tibabuyes
1506,Tibabuyes,Suba, Miramar
1507,Tibabuyes,Suba, Nueva Tibabuyes
1508,Tibabuyes,Suba, Nuevo Corinto
1509,Tibabuyes,Suba, Prados de Santa Bárbara
1510,Tibabuyes,Suba, Rincón de Boyacá
1511,Tibabuyes,Suba, Sabana de Tibabuyes
1512,Tibabuyes,Suba, San Carlos de Suba
1513,Tibabuyes,Suba, San Carlos de Tibabuyes
1514,Tibabuyes,Suba, San Pedro de Tibabuyes
1515,Tibabuyes,Suba, Santa Cecilia
1516,Tibabuyes,Suba, Santa Rita
1517,Tibabuyes,Suba, Tibabuyes Universal
1518,Tibabuyes,Suba, Toscana
1519,Tibabuyes,Suba, Vereda Suba-Rincón
1520,Tibabuyes,Suba, Vereda Tibabuyes
1521,Tibabuyes,Suba, Verona
1522,Tibabuyes,Suba, Villa Cindy
1523,Tibabuyes,Suba, Villa de las Flores
1524,Tibabuyes,Suba, Villa Gloria.
1525,Los Andes,Barrios Unidos,Villa Calasanz
1526,Los Andes,Barrios Unidos, Entre Ríos
1527,Los Andes,Barrios Unidos, La Patria
1528,Los Andes,Barrios Unidos, Los Andes
1529,Los Andes,Barrios Unidos, Rionegro
1530,Los Andes,Barrios Unidos, Urbanización San Martín
1531,Los Andes,Barrios Unidos, Vizcaya
1532,12 de Octubre,Barrios Unidos,Doce De Octubre
1533,12 de Octubre,Barrios Unidos, José Joaquín Vargas
1534,12 de Octubre,Barrios Unidos, La Libertad
1535,12 de Octubre,Barrios Unidos, Rincón Del Salitre
1536,12 de Octubre,Barrios Unidos, El Labrador
1537,12 de Octubre,Barrios Unidos, Metrópolis
1538,12 de Octubre,Barrios Unidos, Modelo Norte
1539,12 de Octubre,Barrios Unidos, San Fernando
1540,12 de Octubre,Barrios Unidos, San Miguel
1541,12 de Octubre,Barrios Unidos, Simón Bolívar.
1542,Los Alcázares,Barrios Unidos,1 De Noviembre
1543,Los Alcázares,Barrios Unidos, Alcázares Norte
1544,Los Alcázares,Barrios Unidos, Baquero
1545,Los Alcázares,Barrios Unidos, Benjamín Herrera
1546,Los Alcázares,Barrios Unidos, Chapinero Noroccidental
1547,Los Alcázares,Barrios Unidos, Colombia
1548,Los Alcázares,Barrios Unidos, Concepción Norte
1549,Los Alcázares,Barrios Unidos, Juan XXIII Norte
1550,Los Alcázares,Barrios Unidos, La Aurora
1551,Los Alcázares,Barrios Unidos, La Esperanza
1552,Los Alcázares,Barrios Unidos, La Merced Norte
1553,Los Alcázares,Barrios Unidos, La Paz
1554,Los Alcázares,Barrios Unidos, Los Alcázares
1555,Los Alcázares,Barrios Unidos, Polo Club
1556,Los Alcázares,Barrios Unidos, Quinta Mutis
1557,Los Alcázares,Barrios Unidos, Rafael Uribe Uribe
1558,Los Alcázares,Barrios Unidos, San Felipe
1559,Los Alcázares,Barrios Unidos, Santa Sofía
1560,Los Alcázares,Barrios Unidos, Siete de Agosto.
1561,Parque Salitre,Barrios Unidos,El Rosario.
1562,Galerías,Teusaquillo,El Campín
1563,Galerías,Teusaquillo, San Luis
1564,Galerías,Teusaquillo, Chapinero Occidental
1565,Galerías,Teusaquillo, Galerías
1566,Galerías,Teusaquillo, Banco Central
1567,Galerías,Teusaquillo, Quesada
1568,Galerías,Teusaquillo, Belalcázar
1569,Galerías,Teusaquillo, Alfonso López Norte
1570,Galerías,Teusaquillo, Palermo.
1571,Teusaquillo,Teusaquillo,La Soledad
1572,Teusaquillo,Teusaquillo, Santa teresita
1573,Teusaquillo,Teusaquillo, La Magdalena
1574,Teusaquillo,Teusaquillo, Teusaquillo
1575,Teusaquillo,Teusaquillo, Las Americas
1576,Teusaquillo,Teusaquillo, La Estrella
1577,Teusaquillo,Teusaquillo, Armenia.
1578,La Esmeralda,Teusaquillo, Nicolás de Federmán
1579,La Esmeralda,Teusaquillo, Campin Occidental
1580,La Esmeralda,Teusaquillo, Rafael Núñez
1581,La Esmeralda,Teusaquillo, La Esmeralda.
1582,Quinta Paredes,Teusaquillo,Acevedo Tejada
1583,Quinta Paredes,Teusaquillo, El Recuerdo
1584,Quinta Paredes,Teusaquillo, Gran América
1585,Quinta Paredes,Teusaquillo, Centro Nariño
1586,Quinta Paredes,Teusaquillo, Quinta Paredes
1587,Quinta Paredes,Teusaquillo, Ortezal.
1588,Ciudad Salitre Oriental,Teusaquillo,Ciudad Salitre Su-Oriental
1589,Ciudad Salitre Oriental,Teusaquillo, Ciudad Salitre Nor-Oriental.
1590,Santa Isabel,Los Mártires,Eduardo Santos
1591,Santa Isabel,Los Mártires, El Progreso
1592,Santa Isabel,Los Mártires, El Vergel
1593,Santa Isabel,Los Mártires,Santa Isabel (Bogotá)
1594,Santa Isabel,Los Mártires, Veraguas.
1595,La Sabana,Los Mártires, Estación de la Sabana
1596,La Sabana,Los Mártires, La Estanzuela
1597,La Sabana,Los Mártires, La Favorita
1598,La Sabana,Los Mártires, La Pepita
1599,La Sabana,Los Mártires, Panamericano - La Florida
1600,La Sabana,Los Mártires, Ricaurte
1601,La Sabana,Los Mártires, Samper Mendoza
1602,La Sabana,Los Mártires, San Victorino
1603,La Sabana,Los Mártires, Voto Nacional
1604,La Sabana,Los Mártires, el Conjunto Residencial Usatama
1605,La Sabana,Los Mártires, Unidad Residencial Colseguros
1606,La Sabana,Los Mártires, la Unidad Residencial Sans Façon
1607,La Sabana,Los Mártires, Bulevar de Sans Façon.
1608,Ciudad Jardín,Antonio Nariño, Caracas
1609,Ciudad Jardín,Antonio Nariño, Ciudad Berna
1610,Ciudad Jardín,Antonio Nariño, Ciudad Jardín
1611,Ciudad Jardín,Antonio Nariño, Sevilla
1612,Ciudad Jardín,Antonio Nariño, Luna Park
1613,Ciudad Jardín,Antonio Nariño, La Hortúa.
1614,Restrepo,Antonio Nariño,Restrepo
1615,Restrepo,Antonio Nariño, San Jorge Central
1616,Restrepo,Antonio Nariño, Cinco de Noviembre
1617,Restrepo,Antonio Nariño, Eduardo Freí
1618,Restrepo,Antonio Nariño, San Antonio
1619,Restrepo,Antonio Nariño, La Fragua
1620,Restrepo,Antonio Nariño, La Fraguita
1621,Restrepo,Antonio Nariño, Santander.
1622,Ciudad Montes,Puente Aranda,La Guaca
1623,Ciudad Montes,Puente Aranda, Bochica
1624,Ciudad Montes,Puente Aranda, Carabelas
1625,Ciudad Montes,Puente Aranda, Ciudad Montes
1626,Ciudad Montes,Puente Aranda, El Sol
1627,Ciudad Montes,Puente Aranda, Jazmín
1628,Ciudad Montes,Puente Aranda, Jorge Gaitán Cortés
1629,Ciudad Montes,Puente Aranda, Villa Inés
1630,Ciudad Montes,Puente Aranda, La Asunción
1631,Ciudad Montes,Puente Aranda, La Camelia
1632,Ciudad Montes,Puente Aranda, Los Comuneros
1633,Ciudad Montes,Puente Aranda, Ponderosa
1634,Ciudad Montes,Puente Aranda, Primavera
1635,Ciudad Montes,Puente Aranda, Remanso
1636,Ciudad Montes,Puente Aranda, San Eusebio
1637,Ciudad Montes,Puente Aranda, Santa Matilde
1638,Ciudad Montes,Puente Aranda, Tibaná
1639,Ciudad Montes,Puente Aranda, Torremolinos.
1640,Muzú,Puente Aranda,Alcalá
1641,Muzú,Puente Aranda, Alquería
1642,Muzú,Puente Aranda, Autopista Sur
1643,Muzú,Puente Aranda, La Coruña
1644,Muzú,Puente Aranda, Los Sauces
1645,Muzú,Puente Aranda, Muzú
1646,Muzú,Puente Aranda, Ospina Pérez
1647,Muzú,Puente Aranda, Santa Rita
1648,Muzú,Puente Aranda, Tejar
1649,Muzú,Puente Aranda, Villa del Rosario
1650,Muzú,Puente Aranda, Villa Sonia.
1651,San Rafael,Puente Aranda,Barcelona
1652,San Rafael,Puente Aranda, Bisas del Galán
1653,San Rafael,Puente Aranda, Camelia Sur
1654,San Rafael,Puente Aranda, Colón
1655,San Rafael,Puente Aranda, Galán
1656,San Rafael,Puente Aranda, La Pradera
1657,San Rafael,Puente Aranda, La Trinidad
1658,San Rafael,Puente Aranda, El Arpay La Lira
1659,San Rafael,Puente Aranda, Milenta
1660,San Rafael,Puente Aranda, San Francísco
1661,San Rafael,Puente Aranda, San Gabriel
1662,San Rafael,Puente Aranda, San Rafael
1663,San Rafael,Puente Aranda, San Rafael Industrial
1664,San Rafael,Puente Aranda, Salazar Gomez .
1665,Zona Industrial,Puente Aranda,Cundinamarca
1666,Zona Industrial,Puente Aranda, El Ejido
1667,Zona Industrial,Puente Aranda, Gorgonzola
1668,Zona Industrial,Puente Aranda, Industrial Centenario
1669,Zona Industrial,Puente Aranda, La Florida Occidental
1670,Zona Industrial,Puente Aranda, Los Ejidos
1671,Zona Industrial,Puente Aranda, Pensilvania.
1672,Puente Aranda,Puente Aranda,Batallón Caldas
1673,Puente Aranda,Puente Aranda, Centro Industrial
1674,Puente Aranda,Puente Aranda, Ortezal
1675,Puente Aranda,Puente Aranda, Puente Aranda.
1676,La Candelaria,La Candelaria,La Catedral
1677,La Candelaria,La Candelaria, La Concordia
1678,La Candelaria,La Candelaria, Las Aguas
1679,La Candelaria,La Candelaria, Centro Administrativo
1680,La Candelaria,La Candelaria, Egipto
1681,La Candelaria,La Candelaria, Belén 
1682,La Candelaria,La Candelaria, Nueva Santa Fe
1683,La Candelaria,La Candelaria, Santa Bárbara.
1684,San José,Rafael Uribe Uribe,Bosque de San Carlos
1685,San José,Rafael Uribe Uribe, Country Sur
1686,San José,Rafael Uribe Uribe, Pijaos
1687,San José,Rafael Uribe Uribe, San José Sur
1688,San José,Rafael Uribe Uribe, San Luis Sur
1689,San José,Rafael Uribe Uribe, Sosiego Sur.
1690,Quiroga,Rafael Uribe Uribe,Claret
1691,Quiroga,Rafael Uribe Uribe, Bravo Páez
1692,Quiroga,Rafael Uribe Uribe, Centenario
1693,Quiroga,Rafael Uribe Uribe, Matatigres
1694,Quiroga,Rafael Uribe Uribe, Murillo Toro
1695,Quiroga,Rafael Uribe Uribe, Olaya
1696,Quiroga,Rafael Uribe Uribe, Santa Lucía
1697,Quiroga,Rafael Uribe Uribe, Santiago Pérez
1698,Quiroga,Rafael Uribe Uribe,El Inglés (Bogotá)
1699,Quiroga,Rafael Uribe Uribe,Villa Mayor
1700,Marco Fidel Suárez,Rafael Uribe Uribe,Colinas
1701,Marco Fidel Suárez,Rafael Uribe Uribe, El Pesebre
1702,Marco Fidel Suárez,Rafael Uribe Uribe, Granjas de San Pablo
1703,Marco Fidel Suárez,Rafael Uribe Uribe, Granjas de Santa Sofía
1704,Marco Fidel Suárez,Rafael Uribe Uribe, Jorge Cavelier La Resurección
1705,Marco Fidel Suárez,Rafael Uribe Uribe, Las Lomas
1706,Marco Fidel Suárez,Rafael Uribe Uribe, Luis López de Mesa
1707,Marco Fidel Suárez,Rafael Uribe Uribe, Marco Fidel Suárez
1708,Marco Fidel Suárez,Rafael Uribe Uribe, Río de Janeiro
1709,Marco Fidel Suárez,Rafael Uribe Uribe, San Jorge.
1710,Marruecos,Rafael Uribe Uribe,Arboleda Sur
1711,Marruecos,Rafael Uribe Uribe, Callejón Santa Bárbara
1712,Marruecos,Rafael Uribe Uribe, Cerros de Oriente
1713,Marruecos,Rafael Uribe Uribe, Chircales
1714,Marruecos,Rafael Uribe Uribe, Danubio Sur
1715,Marruecos,Rafael Uribe Uribe, El Consuelo
1716,Marruecos,Rafael Uribe Uribe, El Rosal
1717,Marruecos,Rafael Uribe Uribe, El Socorro
1718,Marruecos,Rafael Uribe Uribe, Gavaroba
1719,Marruecos,Rafael Uribe Uribe, Guiparma
1720,Marruecos,Rafael Uribe Uribe, La Merced del Sur
1721,Marruecos,Rafael Uribe Uribe, La Picota Occidental
1722,Marruecos,Rafael Uribe Uribe, La Playa
1723,Marruecos,Rafael Uribe Uribe, Marruecos
1724,Marruecos,Rafael Uribe Uribe, Mirador del Sur
1725,Marruecos,Rafael Uribe Uribe, Molinos
1726,Marruecos,Rafael Uribe Uribe, Nueva Pensilvania Sur
1727,Marruecos,Rafael Uribe Uribe, Pradera Sur
1728,Marruecos,Rafael Uribe Uribe, Puerto Rico
1729,Marruecos,Rafael Uribe Uribe, Sarasota
1730,Marruecos,Rafael Uribe Uribe, bochica
1731,Marruecos,Rafael Uribe Uribe, Villa Gladys
1732,Marruecos,Rafael Uribe Uribe, Villa Morales.
1733,Diana Turbay,Rafael Uribe Uribe,San Agustín
1734,Diana Turbay,Rafael Uribe Uribe, Diana Turbay
1735,Diana Turbay,Rafael Uribe Uribe, El Portal
1736,Diana Turbay,Rafael Uribe Uribe, La Esperanza Alta
1737,Diana Turbay,Rafael Uribe Uribe, La Paz
1738,Diana Turbay,Rafael Uribe Uribe, La Picota Oriental
1739,Diana Turbay,Rafael Uribe Uribe, Palermo Sur (con las subdivisiones Central
1740,Diana Turbay,Rafael Uribe Uribe, El Triángulo
1741,Diana Turbay,Rafael Uribe Uribe, Las Brisas
1742,Diana Turbay,Rafael Uribe Uribe, Oswaldo Gómez
1743,Diana Turbay,Rafael Uribe Uribe, San Marcos
1744,Diana Turbay,Rafael Uribe Uribe, Santa Fonseca).
1745,El Mochuelo,Ciudad Bolívar,La Lira
1746,El Mochuelo,Ciudad Bolívar, El Pedregal
1747,El Mochuelo,Ciudad Bolívar, Villa Jacky
1748,El Mochuelo,Ciudad Bolívar, las Manas
1749,El Mochuelo,Ciudad Bolívar, Mochuelo Oriental.
1750,Monteblanco,Ciudad Bolívar,El Mochuelo II
1751,Monteblanco,Ciudad Bolívar, Brazuelos de Santo Domingo
1752,Monteblanco,Ciudad Bolívar, Esmeralda
1753,Monteblanco,Ciudad Bolívar, Lagunitas
1754,Monteblanco,Ciudad Bolívar, Paticos
1755,Monteblanco,Ciudad Bolívar, Barranquitos.
1756,Arborizadora,Ciudad Bolívar,Arborizadora Baja
1757,Arborizadora,Ciudad Bolívar, Atlanta
1758,Arborizadora,Ciudad Bolívar, La Playa
1759,Arborizadora,Ciudad Bolívar, Rafael Escamilla
1760,Arborizadora,Ciudad Bolívar, Santa Helena
1761,Arborizadora,Ciudad Bolívar, Santa Rosa Sur
1762,Arborizadora,Ciudad Bolívar, Villa Helena
1763,Arborizadora,Ciudad Bolívar, Casa linda 
1764,Arborizadora,Ciudad Bolívar, La Coruña
1765,Arborizadora,Ciudad Bolívar, Protecho.
1766,San Francisco,Ciudad Bolívar,San Francisco
1767,San Francisco,Ciudad Bolívar, Las Acacias
1768,San Francisco,Ciudad Bolívar, Candelaria La Nueva
1769,San Francisco,Ciudad Bolívar, Gibraltar
1770,San Francisco,Ciudad Bolívar, Colmena
1771,San Francisco,Ciudad Bolívar, La Casona
1772,San Francisco,Ciudad Bolívar, Juan José Rondón
1773,San Francisco,Ciudad Bolívar, San Luis Sur
1774,San Francisco,Ciudad Bolívar, San Fernando Sur
1775,San Francisco,Ciudad Bolívar, Santa Inés de la Acacia
1776,San Francisco,Ciudad Bolívar, Millan Los Sauces
1777,San Francisco,Ciudad Bolívar, Puerta del Llano
1778,San Francisco,Ciudad Bolívar, Sauces
1779,San Francisco,Ciudad Bolívar, Hortalizas
1780,San Francisco,Ciudad Bolívar, El Recuerdo.
1781,Lucero,Ciudad Bolívar,Álvaro Bernal Segura
1782,Lucero,Ciudad Bolívar, Lucero Alto
1783,Lucero,Ciudad Bolívar, Lucero Medio
1784,Lucero,Ciudad Bolívar, Lucero Bajo
1785,Lucero,Ciudad Bolívar, Domingo Laín
1786,Lucero,Ciudad Bolívar, El Bosque
1787,Lucero,Ciudad Bolívar, El Castillo
1788,Lucero,Ciudad Bolívar, El Paraíso Mirador
1789,Lucero,Ciudad Bolívar, Bella Flor
1790,Lucero,Ciudad Bolívar, La Torre
1791,Lucero,Ciudad Bolívar, Estrella del Sur
1792,Lucero,Ciudad Bolívar, El Triunfo
1793,Lucero,Ciudad Bolívar, Gibraltar Sur
1794,Lucero,Ciudad Bolívar, Juan Pablo II
1795,Lucero,Ciudad Bolívar, La Alameda
1796,Lucero,Ciudad Bolívar, La Cabaña
1797,Lucero,Ciudad Bolívar, La Escala
1798,Lucero,Ciudad Bolívar, Las Manitas
1799,Lucero,Ciudad Bolívar, Los Alpes
1800,Lucero,Ciudad Bolívar, El Satélite
1801,Lucero,Ciudad Bolívar, La Torre
1802,Lucero,Ciudad Bolívar, Los Andes de Nutibara
1803,Lucero,Ciudad Bolívar, La Estrella de Lagos
1804,Lucero,Ciudad Bolívar, Ciudad Milagros
1805,Lucero,Ciudad Bolívar, Compartir
1806,Lucero,Ciudad Bolívar, Buenavista
1807,Lucero,Ciudad Bolívar, Marandú
1808,Lucero,Ciudad Bolívar, Meissen
1809,Lucero,Ciudad Bolívar, Brisas del Volador
1810,Lucero,Ciudad Bolívar, México
1811,Lucero,Ciudad Bolívar, Nueva Colombia
1812,Lucero,Ciudad Bolívar, Naciones Unidas
1813,Lucero,Ciudad Bolívar, Tierra Linda
1814,Lucero,Ciudad Bolívar, Vista Hermosa
1815,Lucero,Ciudad Bolívar, Rincón del Diamante Villa Gloria
1816,Lucero,Ciudad Bolívar, Capri.
1817,El Tesoro,Ciudad Bolívar,Arabia
1818,El Tesoro,Ciudad Bolívar, Acapulco
1819,El Tesoro,Ciudad Bolívar, Buenos Aires
1820,El Tesoro,Ciudad Bolívar, Bogotá Sur
1821,El Tesoro,Ciudad Bolívar, Divino Niño
1822,El Tesoro,Ciudad Bolívar, Casa de Teja
1823,El Tesoro,Ciudad Bolívar, El Consuelo
1824,El Tesoro,Ciudad Bolívar, El Tesoro
1825,El Tesoro,Ciudad Bolívar, Tesorito
1826,El Tesoro,Ciudad Bolívar, El Mochuelo I
1827,El Tesoro,Ciudad Bolívar, El Reflejo
1828,El Tesoro,Ciudad Bolívar, La Cumbre
1829,El Tesoro,Ciudad Bolívar, Los Duques
1830,El Tesoro,Ciudad Bolívar, Inés Elvira
1831,El Tesoro,Ciudad Bolívar, Monterey
1832,El Tesoro,Ciudad Bolívar, Minuto de María
1833,El Tesoro,Ciudad Bolívar, Ocho de Diciembre
1834,El Tesoro,Ciudad Bolívar, Quiba
1835,El Tesoro,Ciudad Bolívar, Potreritos
1836,El Tesoro,Ciudad Bolívar, República de Venezuela
1837,El Tesoro,Ciudad Bolívar, República de Canadá
1838,El Tesoro,Ciudad Bolívar, San Rafael Sur
1839,El Tesoro,Ciudad Bolívar, San Joaquín del Vaticano
1840,El Tesoro,Ciudad Bolívar, Sotavento
1841,El Tesoro,Ciudad Bolívar, Villa Diana López.
1842,Ismael Perdomo,Ciudad Bolívar,Bella Estancia
1843,Ismael Perdomo,Ciudad Bolívar, Barlovento
1844,Ismael Perdomo,Ciudad Bolívar, Caracolí
1845,Ismael Perdomo,Ciudad Bolívar, Bonanza Sur
1846,Ismael Perdomo,Ciudad Bolívar, Casa Loma Casavianca
1847,Ismael Perdomo,Ciudad Bolívar, Cerro del Diamante
1848,Ismael Perdomo,Ciudad Bolívar, El Rosal
1849,Ismael Perdomo,Ciudad Bolívar, El Espino
1850,Ismael Perdomo,Ciudad Bolívar, Ismael Perdomo
1851,Ismael Perdomo,Ciudad Bolívar, El Porvenir
1852,Ismael Perdomo,Ciudad Bolívar, El Rincón del Porvenir
1853,Ismael Perdomo,Ciudad Bolívar, Galicia
1854,Ismael Perdomo,Ciudad Bolívar, La Carbonera
1855,Ismael Perdomo,Ciudad Bolívar, Mirador de la Estancia
1856,Ismael Perdomo,Ciudad Bolívar, Mirador de Primavera
1857,Ismael Perdomo,Ciudad Bolívar, Perdomo Alto
1858,Ismael Perdomo,Ciudad Bolívar, Rincón de Galicia
1859,Ismael Perdomo,Ciudad Bolívar, Rincón de la estancia
1860,Ismael Perdomo,Ciudad Bolívar, Rincón de la Valvanera
1861,Ismael Perdomo,Ciudad Bolívar, San Antonio del Mirador
1862,Ismael Perdomo,Ciudad Bolívar, San Isidro
1863,Ismael Perdomo,Ciudad Bolívar, María Cano
1864,Ismael Perdomo,Ciudad Bolívar, San rafael de la Estancia
1865,Ismael Perdomo,Ciudad Bolívar, Santa Viviana
1866,Ismael Perdomo,Ciudad Bolívar, Santo Domingo
1867,Ismael Perdomo,Ciudad Bolívar, Sierra Morena.
1868,Jerusalén,Ciudad Bolívar,Arborizadora Alta
1869,Jerusalén,Ciudad Bolívar, Bella Vista
1870,Jerusalén,Ciudad Bolívar, Florida del Sur
1871,Jerusalén,Ciudad Bolívar, Jerusalén
1872,Jerusalén,Ciudad Bolívar, La Pradera
1873,Jerusalén,Ciudad Bolívar, Las Brisas
1874,Jerusalén,Ciudad Bolívar, Potosí
1875,Jerusalén,Ciudad Bolívar, Las Vegas de Potosí
1876,Jerusalén,Ciudad Bolívar, Villas de Bolívar
1877,Jerusalén,Ciudad Bolívar, Verona.
